Tên di tích,Địa điểm,Loại di tích,Đường dẫn hình ảnh,Mô tả
Khu trung tâm Hoàng thành Thăng Long - Hà Nội,"Quận Ba Đình,thành phố Hà Nội","Di tích lịch sử,khảo cổ",https://upload.wikimedia.org/wikipedia/commons/thumb/1/1b/Citadelle_de_Hano%C3%AF_%283%29.jpg/250px-Citadelle_de_Hano%C3%AF_%283%29.jpg,"Hoàng thành Thăng Long (chữ Hán:昇龍皇城;Hán-Việt:Thăng Long Hoàng thành) là quần thể di tích gắn với lịch sử kinh thành Thăng Long - Đông Kinh và tỉnh thành Hà Nội bắt đầu từ thời kì tiền Thăng Long (An Nam đô hộ phủ thế kỷ VII) qua thời Đinh - Tiền Lê,phát triển mạnh dưới thời Lý,Trần,Lê và thành Hà Nội dưới triều Nguyễn.Đây là công trình kiến trúc các triều vua xây dựng trong nhiều giai đoạn lịch sử và trở thành một trong những di tích quan trọng bậc nhất trong hệ thống các di tích Việt Nam."
Vườn quốc gia Phong Nha - Kẻ Bàng,"Huyện Bố Trạch và huyện Minh Hóa,tỉnh Quảng Bình","Di tích lịch sử,danh lam thắng cảnh",https://upload.wikimedia.org/wikipedia/commons/thumb/c/c9/Phongnhakebang6.jpg/250px-Phongnhakebang6.jpg,"Vườn quốc gia Phong Nha – Kẻ Bàng là một vườn quốc gia của Việt Nam,nằm tại huyện Bố Trạch và Minh Hóa,tỉnh Quảng Bình,cách thành phố Đồng Hới khoảng 50 km về phía Tây Bắc,cách thủ đô Hà Nội khoảng 500 km về phía nam.Vườn quốc gia này giáp khu bảo tồn thiên nhiên Hin Namno ở tỉnh Khammouan,Lào về phía tây;cách Biển Đông 42 km về phía đông kể từ đường biên giới của vườn quốc gia này."
Chiến trường Điện Biên Phủ,"Thành phố Điện Biên Phủ,huyện Điện Biên và huyện Tuần Giáo,tỉnh Điện Biên",Di tích lịch sử,https://upload.wikimedia.org/wikipedia/commons/thumb/d/da/H%E1%BA%A7m_ch%E1%BB%89_huy_c%E1%BB%A9_%C4%91i%E1%BB%83m_%C4%90i%E1%BB%87n_Bi%C3%AAn_Ph%E1%BB%A7.jpg/180px-H%E1%BA%A7m_ch%E1%BB%89_huy_c%E1%BB%A9_%C4%91i%E1%BB%83m_%C4%90i%E1%BB%87n_Bi%C3%AAn_Ph%E1%BB%A7.jpg,"Di tích là dấu vết của quá khứ còn lưu lại trong lòng đất hoặc trên mặt đất có ý nghĩa về mặt văn hóa và lịch sử"".Ở Việt Nam,một di tích khi đủ các điều kiện sẽ được công nhận theo thứ tự:di tích cấp tỉnh,di tích cấp quốc gia và di tích quốc gia đặc biệt.Di tích quốc gia đặc biệt là những di tích Việt Nam có giá trị đặc biệt tiêu biểu của quốc gia.Di tích quốc gia đặc biệt do Thủ tướng Chính phủ quyết định xếp hạng trên cơ sở lựa chọn các di tích quan trọng đã được Bộ Văn hóa,Thể thao và Du lịch xếp hạng là di tích quốc gia,lần xếp hạng đầu tiên là vào năm 2009."
Quần thể di tích Cố đô Huế,"Thành phố Huế,thị xã Hương Thủy,thị xã Hương Trà,huyện Phú Vang,huyện Phú Lộc,tỉnh Thừa Thiên Huế","Di tích lịch sử,kiến trúc nghệ thuật",https://upload.wikimedia.org/wikipedia/commons/thumb/2/2f/Ho%C3%A0ng_th%C3%A0nh_Hu%E1%BA%BF.jpg/250px-Ho%C3%A0ng_th%C3%A0nh_Hu%E1%BA%BF.jpg,"Quần thể di tích Cố đô Huế hay Quần thể kiến trúc cố đô Huế là những di tích lịch sử - văn hóa do triều Nguyễn chủ trương xây dựng trong khoảng thời gian từ đầu thế kỷ 19 đến nửa đầu thế kỷ 20 trên địa bàn kinh đô Huế xưa;nay thuộc phạm vi thành phố Huế,Việt Nam.Phần lớn các di tích này nay thuộc sự quản lý của Trung tâm Bảo tồn Di tích Cố đô Huế và được UNESCO công nhận là Di sản Văn hoá Thế giới vào ngày 11 tháng 12 năm 1993.Hiện tại,cố đô Huế đã được thủ tướng chính phủ Việt Nam đưa vào danh sách xếp hạng 130 di tích quốc gia đặc biệt quan trọng.Quần thể di tích Cố đô Huế có thể phân chia thành các cụm công trình gồm các cụm công trình ngoài Kinh thành Huế và trong kinh thành Huế."
Khu lưu niệm Chủ tịch Hồ Chí Minh tại Phủ Chủ tịch,"Quận Ba Đình,thành phố Hà Nội",Di tích lịch sử,https://upload.wikimedia.org/wikipedia/commons/thumb/5/5a/Ho_Chi_Minh%27s_Stilt_House%2C_Hanoi_%282%29_%2824622695398%29.jpg/250px-Ho_Chi_Minh%27s_Stilt_House%2C_Hanoi_%282%29_%2824622695398%29.jpg,"Khu di tích Chủ tịch Hồ Chí Minh tại Phủ Chủ tịch,gọi tắt là Khu di tích Phủ Chủ tịch tại Hà Nội,là nơi sống và làm việc lâu nhất của Chủ tịch Hồ Chí Minh (từ 19 tháng 12 năm 1954 đến 2 tháng 9 năm 1969),được Bộ Văn hóa Thông tin ra Quyết định xếp hạng là Khu di tích ngày 15 tháng 5 năm 1975.Hiện nay,nơi đây đã được thủ tướng chính phủ Việt Nam đưa vào danh sách xếp hạng 23 di tích quốc gia đặc biệt."
Dinh Độc Lập,"Quận 1,Thành phố Hồ Chí Minh",Di tích lịch sử,https://upload.wikimedia.org/wikipedia/commons/thumb/3/33/Palacio_de_la_Reunificaci%C3%B3n%2C_Ciudad_Ho_Chi_Minh%2C_Vietnam%2C_2013-08-14%2C_DD_03.JPG/250px-Palacio_de_la_Reunificaci%C3%B3n%2C_Ciudad_Ho_Chi_Minh%2C_Vietnam%2C_2013-08-14%2C_DD_03.JPG,"Dinh Độc Lập là một tòa nhà của nhà nước tại Thành phố Hồ Chí Minh,từng là nơi ở và làm việc của Tổng thống Việt Nam Cộng hòa trước Sự kiện 30 tháng 4 năm 1975.Hiện nay,Dinh Độc Lập đã được Chính phủ Việt Nam xếp hạng là di tích quốc gia đặc biệt.Cơ quan quản lý di tích văn hoá Dinh Độc Lập có tên là Hội trường Thống Nhất thuộc Văn phòng Chính phủ."
Đền Hùng,"Thành phố Việt Trì,huyện Lâm Thao,huyện Phù Ninh,tỉnh Phú Thọ",Di tích lịch sử,https://upload.wikimedia.org/wikipedia/commons/thumb/2/21/%C4%90%C6%B0%E1%BB%9Dng_l%C3%AAn_%C4%90%E1%BB%81n_H%C3%B9ng_-_panoramio.jpg/250px-%C4%90%C6%B0%E1%BB%9Dng_l%C3%AAn_%C4%90%E1%BB%81n_H%C3%B9ng_-_panoramio.jpg,"Đền Hùng (Tên chữ:Hùng Vương miếu) là tên gọi khái quát của Khu di tích lịch sử Đền Hùng - quần thể đền chùa thờ phụng các Vua Hùng và tôn thất của nhà vua trên núi Nghĩa Lĩnh (Việt Trì,Phú Thọ),xưa thuộc xã Hy Cương,huyện Sơn Vi,gắn với Giỗ Tổ Hùng Vương - Lễ hội Đền Hùng được tổ chức tại địa điểm đó hàng năm vào ngày 10 tháng 3 âm lịch.Hiện nay,theo các tài liệu khoa học đã công bố đa số đều thống nhất nền móng kiến trúc đền Hùng bắt đầu được xây dựng từ thời vua Đinh Tiên Hoàng trị vì.Đến thời Hậu Lê (thế kỷ 15) được xây dựng hoàn chỉnh theo quy mô như hiện tại."
Đô thị cổ Hội An,"Thành phố Hội An,tỉnh Quảng Nam",Di tích kiến trúc nghệ thuật,https://upload.wikimedia.org/wikipedia/commons/thumb/f/f3/PhoCoHoiAn.jpg/250px-PhoCoHoiAn.jpg,"Phố cổ Hội An là một đô thị cổ nằm ở hạ lưu sông Thu Bồn,thuộc vùng đồng bằng ven biển tỉnh Quảng Nam,Việt Nam,cách thành phố Đà Nẵng khoảng 30 km về phía Nam.Nhờ những yếu tố địa lý và khí hậu thuận lợi,Hội An từng là một thương cảng quốc tế sầm uất,nơi gặp gỡ của những thuyền buôn Nhật Bản,Trung Quốc và phương Tây trong suốt thế kỷ XVII và XVIII.Trước thời kỳ này,nơi đây cũng từng có những dấu tích của thương cảng Chăm Pa hay được nhắc đến cùng con đường tơ lụa trên biển.Thế kỷ XIX,do giao thông đường thủy ở đây không còn thuận tiện,cảng thị Hội An dần suy thoái,nhường chỗ cho Đà Nẵng khi đó đang được người Pháp xây dựng.Hội An may mắn không bị tàn phá trong hai cuộc chiến tranh và tránh được quá trình đô thị hóa ồ ạt cuối thế kỷ 20.Bắt đầu từ thập niên 1980,những giá trị kiến trúc và văn hóa của phố cổ Hội An dần được giới học giả và cả du khách chú ý,khiến nơi đây trở thành một trong những điểm du lịch hấp dẫn của Việt Nam."
Khu đền tháp Mỹ Sơn,"Huyện Duy Xuyên,tỉnh Quảng Nam",Di tích kiến trúc nghệ thuật,https://upload.wikimedia.org/wikipedia/commons/thumb/0/0e/Les_Temples_Cham_de_My_Son_%284399060825%29.jpg/250px-Les_Temples_Cham_de_My_Son_%284399060825%29.jpg,"Thánh địa Mỹ Sơn thuộc xã Duy Phú,huyện Duy Xuyên,tỉnh Quảng Nam,cách thành phố Đà Nẵng khoảng 69 km và gần thành cổ Trà Kiệu,bao gồm nhiều đền đài Chăm Pa,trong một thung lũng đường kính khoảng 2 km,bao quanh bởi đồi núi.Đây từng là nơi tổ chức cúng tế của vương triều Chăm Pa.Thánh địa Mỹ Sơn được coi là một trong những trung tâm đền đài chính của Ấn Độ giáo ở khu vực Đông Nam Á và là di sản duy nhất của thể loại này tại Việt Nam."
Vịnh Hạ Long,"Thành phố Hạ Long,thành phố Cẩm Phả,huyện Vân Đồn,tỉnh Quảng Ninh",Danh lam thắng cảnh,https://upload.wikimedia.org/wikipedia/commons/thumb/5/5f/Ha_Long_bay_The_Kissing_Rocks.jpg/250px-Ha_Long_bay_The_Kissing_Rocks.jpg,
Cố đô Hoa Lư,"Thành phố Hoa Lư,tỉnh Ninh Bình","Di tích lịch sử,kiến trúc nghệ thuật",https://upload.wikimedia.org/wikipedia/commons/thumb/b/be/Temple_comm%C3%A9moratif_au_roi_Dinh_Tien_Hoang_%28Hoa_Lu%29.jpg/250px-Temple_comm%C3%A9moratif_au_roi_Dinh_Tien_Hoang_%28Hoa_Lu%29.jpg,"Cố đô Hoa Lư (chữ Hán:華閭) là kinh đô của Việt Nam trong giai đoạn 968-1010.Đây là kinh đô đầu tiên của nhà nước phong kiến Trung ương tập quyền ở Việt Nam và là quê hương của vị Anh hùng dân tộc Đinh Bộ Lĩnh.Kinh đô Hoa Lư tồn tại 42 năm,gắn với sự nghiệp của ba triều đại liên tiếp là nhà Đinh,nhà Tiền Lê và nhà Lý với các dấu ấn lịch sử:thống nhất đất nước,đánh Tống - dẹp Chiêm và phát tích quá trình định đô Hà Nội.Năm 1010 vua Lý Thái Tổ dời kinh đô từ Hoa Lư (Ninh Bình) về Thăng Long (Hà Nội),Hoa Lư trở thành Cố đô.Các triều vua Lý,Trần,Lê,Nguyễn sau đó dù không đóng đô ở Hoa Lư nữa nhưng vẫn cho tu bổ và xây dựng thêm ở đây nhiều công trình kiến trúc như đền,lăng,đình,chùa,phủ,...Hiện nay,Cố đô Hoa Lư vẫn còn nhiều di tích nằm trong Quần thể di sản thế giới Tràng An thuộc địa bàn tỉnh Ninh Bình."
Khu lưu niệm Chủ tịch Tôn Đức Thắng tại Mỹ Hòa Hưng,"Thành phố Long Xuyên,tỉnh An Giang",Di tích lịch sử,https://upload.wikimedia.org/wikipedia/commons/thumb/9/97/Nh%C3%A0_th%E1%BB%9Di_ni%C3%AAn_thi%E1%BA%BFu_c%E1%BB%A7a_T%C3%B4n_%C4%90%E1%BB%A9c_Th%E1%BA%AFng.jpg/250px-Nh%C3%A0_th%E1%BB%9Di_ni%C3%AAn_thi%E1%BA%BFu_c%E1%BB%A7a_T%C3%B4n_%C4%90%E1%BB%A9c_Th%E1%BA%AFng.jpg,"Khu lưu niệm Chủ tịch Tôn Đức Thắng tọa lạc trên cù lao Ông Hổ,thuộc xã Mỹ Hòa Hưng,thành phố Long Xuyên,tỉnh An Giang.Đây là một trong số 23 di tích Việt Nam đã được xếp hạng di tích quốc gia đặc biệt (ký ngày 10 tháng 5 năm 2012,công bố ngày 17 tháng 7 năm 2012)."
Căn cứ Trung ương cục miền Nam,"Huyện Tân Biên,tỉnh Tây Ninh",Di tích lịch sử,https://upload.wikimedia.org/wikipedia/commons/thumb/4/4a/Natural_landmark_without_photo.svg/250px-Natural_landmark_without_photo.svg.png,Cờ của Mặt trận Dân tộc Giải phóng miền Nam Việt Nam
Nhà tù Côn Đảo,"Huyện Côn Đảo,tỉnh Bà Rịa – Vũng Tàu",Di tích lịch sử,https://upload.wikimedia.org/wikipedia/commons/thumb/d/d5/Nh%C3%A0_t%C3%B9_C%C3%B4n_%C4%90%E1%BA%A3o.JPG/250px-Nh%C3%A0_t%C3%B9_C%C3%B4n_%C4%90%E1%BA%A3o.JPG,"Nhà tù Côn Đảo là một khu nhà tù tại Côn Đảo.Hệ thống nhà tù này được người Pháp xây dựng để giam giữ những tù phạm đặc biệt nguy hiểm cho chế độ thực dân Pháp như:tù phạm chính trị,tử tù...Nơi đây thời Pháp thuộc đã giam giữ những nhân vật tham gia các phong trào cách mạng và những người ái quốc chống lại chính phủ thuộc địa,và sau đó lại được Mỹ sử dụng để giam cầm tù binh trong cuộc chiến chống Mỹ.Hiện nay,nơi đây đã được thủ tướng chính phủ Việt Nam đưa vào danh sách xếp hạng 23 di tích quốc gia đặc biệt.Địa điểm nổi tiếng nhất trong khu nhà tù này là ""chuồng cọp"".Đây là nơi ghi lại những hành động ngược đãi tù nhân nghiêm trọng của thực dân Pháp,quân đội Mỹ và chế độ Quốc gia Việt Nam/Việt Nam Cộng hòa."
Những địa điểm Khởi nghĩa Yên Thế,"Huyện Yên Thế,huyện Việt Yên,huyện Tân Yên và thành phố Bắc Giang,tỉnh Bắc Giang",Di tích lịch sử,https://upload.wikimedia.org/wikipedia/commons/thumb/4/4a/Natural_landmark_without_photo.svg/250px-Natural_landmark_without_photo.svg.png,"Khu di tích khởi nghĩa Yên Thế gồm nhiều di tích liên quan đến cuộc khởi nghĩa Yên Thế.Khu di tích này đã được thủ tướng chính phủ Việt Nam đưa vào danh sách xếp hạng 23 di tích quốc gia đặc biệt.Trọng tâm của khu di tích khởi nghĩa Yên Thế thuộc huyện Yên Thế tỉnh Bắc Giang,cách Thành phố Bắc Giang 28 km về phía Tây Bắc theo đường tỉnh lộ 284."
Pác Bó,"Huyện Hà Quảng,tỉnh Cao Bằng",Di tích lịch sử,https://upload.wikimedia.org/wikipedia/commons/thumb/f/f0/C%E1%BB%91c_B%C3%B3.jpg/180px-C%E1%BB%91c_B%C3%B3.jpg,"Khu di tích Pác Bó là một khu di tích lịch sử cách mạng quốc gia - đặc biệt của Việt Nam,thuộc bản Pác Bó,xã Trường Hà,huyện Hà Quảng,tỉnh Cao Bằng,cách trung tâm thành phố Cao Bằng 52 km về phía Bắc,là điểm đầu (km 0) của đường Hồ Chí Minh ."
Chiến khu Tân Trào,"Huyện Sơn Dương và huyện Yên Sơn,tỉnh Tuyên Quang",Di tích lịch sử,https://upload.wikimedia.org/wikipedia/commons/thumb/1/11/C%C3%A2y_%C4%90a_l%E1%BB%8Bch_s%E1%BB%AD_T%C3%A2n_Tr%C3%A0o.JPG/180px-C%C3%A2y_%C4%90a_l%E1%BB%8Bch_s%E1%BB%AD_T%C3%A2n_Tr%C3%A0o.JPG,"Chiến khu Tân Trào là khu di tích lịch sử của cách mạng Việt Nam thời kỳ Cách mạng tháng Tám.Hiện nay,nơi đây đã được thủ tướng chính phủ Việt Nam đưa vào danh sách xếp hạng 130 di tích quốc gia đặc biệt.Tân Trào là thủ đô lâm thời của khu giải phóng,nơi Đảng Cộng sản Việt Nam tiến hành hội nghị toàn quốc ngày 13 tháng 8 năm 1945 để quyết định tổng khởi nghĩa.Đại hội quốc dân đã họp tại đây ngày 16 tháng 8 năm 1945,thông qua 10 chính sách lớn của Việt Minh,bầu ra một chính phủ lâm thời do Hồ Chí Minh làm chủ tịch và quân giải phóng Việt Nam làm lễ ra quân."
Thành nhà Hồ,"Huyện Vĩnh Lộc,tỉnh Thanh Hóa","Di tích lịch sử,kiến trúc nghệ thuật,khảo cổ",https://upload.wikimedia.org/wikipedia/commons/thumb/a/ab/C%E1%BB%95ng_Nam.jpg/250px-C%E1%BB%95ng_Nam.jpg,"Thành nhà Hồ (hay còn gọi là thành Tây Đô,thành An Tôn,thành Tây Kinh hay thành Tây Giai) là kinh đô nước Đại Ngu (quốc hiệu của Việt Nam dưới thời nhà Hồ),nằm trên địa phận tỉnh Thanh Hóa.Đây là tòa thành kiên cố với kiến trúc độc đáo bằng đá có quy mô lớn hiếm hoi ở Việt Nam,có giá trị và độc đáo nhất,duy nhất còn lại ở tại Đông Nam Á và là một trong rất ít những thành lũy bằng đá còn lại trên thế giới.Thành được xây dựng trong thời gian ngắn,chỉ khoảng 3 tháng (từ tháng Giêng đến tháng 3 năm 1397) và cho đến nay,dù đã tồn tại hơn 6 thế kỷ nhưng một số đoạn của tòa thành này còn lại tương đối nguyên vẹn."
Tràng An - Tam Cốc - Bích Động,"Thành phố Hoa Lư,huyện Gia Viễn,huyện Nho Quan,tỉnh Ninh Bình",Danh lam thắng cảnh,https://upload.wikimedia.org/wikipedia/commons/thumb/d/de/%C4%90%C6%B0%E1%BB%9Dng_v%C3%A0o_Tam_C%E1%BB%91c_-_Ninh_B%C3%ACnh.JPG/180px-%C4%90%C6%B0%E1%BB%9Dng_v%C3%A0o_Tam_C%E1%BB%91c_-_Ninh_B%C3%ACnh.JPG,"Khu du lịch sinh thái Tràng An là một khu du lịch sinh thái nằm trong Quần thể di sản thế giới Tràng An thuộc tỉnh Ninh Bình.Nơi đây đã được Chính phủ Việt Nam xếp hạng di tích quốc gia đặc biệt quan trọng và UNESCO công nhận là di sản thế giới kép từ năm 2014.Tràng An với hệ thống dãy núi đá vôi có tuổi địa chất khoảng 250 triệu năm,qua thời gian dài phong hóa bởi sự biến đổi của Trái Đất,khí hậu,biển tiến,biển thoái đã mang trong mình hàng trăm thung lũng,hang động,hồ đầm.Danh thắng này là nơi bảo tồn và chứa đựng nhiều hệ sinh thái rừng ngập nước,rừng trên núi đá vôi,các di chỉ khảo cổ học và di tích lịch sử văn hóa.Hệ thống núi đá,sông suối,rừng và hang động ở Tràng An rất hiểm trở nên được Vua Đinh Tiên Hoàng chọn làm thành Nam bảo vệ kinh đô Hoa Lư ở thế kỷ X và sau đó Nhà Trần sử dụng làm hành cung Vũ Lâm trong kháng chiến Nguyên Mông.Hiện nay nơi đây còn nhiều di tích lịch sử thời Đinh và thời Trần."
Văn Miếu - Quốc Tử Giám,"Quận Ba Đình và quận Đống Đa,thành phố Hà Nội","Di tích lịch sử,kiến trúc nghệ thuật",https://upload.wikimedia.org/wikipedia/commons/thumb/c/c9/Van_Mieu_Hanoi_3504185612_088052eb96_t.jpg/250px-Van_Mieu_Hanoi_3504185612_088052eb96_t.jpg,"Văn Miếu – Quốc Tử Giám là quần thể di tích đa dạng,phong phú hàng đầu của thành phố Hà Nội,nằm ở phía Nam kinh thành Thăng Long.Quần thể kiến trúc Văn Miếu – Quốc Tử Giám bao gồm:hồ Văn,khu Văn Miếu – Quốc Tử Giám và vườn Giám,mà kiến trúc chủ thể là Văn miếu (chữ Hán:文廟) - nơi thờ Khổng Tử,và Quốc tử giám (chữ Hán:國子監) - trường đại học đầu tiên của Việt Nam.Khu Văn Miếu – Quốc Tử Giám có tường gạch vồ bao quanh,phía trong chia thành 5 lớp không gian với các kiến trúc khác nhau.Mỗi lớp không gian đó được giới hạn bởi các tường gạch có 3 cửa để thông với nhau (gồm cửa chính giữa và hai cửa phụ hai bên).Từ ngoài vào trong có các cổng lần lượt là:cổng Văn Miếu,Đại Trung,Khuê Văn các,Đại Thành và cổng Thái Học.Với hơn 700 năm hoạt động đã đào tạo hàng nghìn nhân tài cho đất nước.Ngày nay,Văn Miếu – Quốc Tử Giám là nơi tham quan của du khách trong và ngoài nước đồng thời cũng là nơi khen tặng cho học sinh xuất sắc và còn là nơi tổ chức hội thơ hàng năm vào ngày rằm tháng giêng.Đặc biệt,đây còn là nơi các sĩ tử ngày nay đến ""cầu may"" trước mỗi kỳ thi quan trọng."
Khu lưu niệm Chủ tịch Hồ Chí Minh tại Kim Liên,"Huyện Nam Đàn,tỉnh Nghệ An",Di tích lịch sử,https://upload.wikimedia.org/wikipedia/commons/thumb/8/82/Kim_Lien_Monuments_Park.JPG/250px-Kim_Lien_Monuments_Park.JPG,"Khu di tích lịch sử Kim Liên là khu di tích tưởng niệm chủ tịch Hồ Chí Minh tại xã Kim Liên,huyện Nam Đàn,tỉnh Nghệ An thuộc vùng duyên hải miền Trung Việt Nam,cách thành phố Vinh khoảng 15 km theo quốc lộ 46 .Hiện nay,nơi đây đã được thủ tướng chính phủ Việt Nam đưa vào danh sách xếp hạng 23 di tích quốc gia đặc biệt."
An toàn khu (ATK) Định Hóa,"Huyện Định Hóa,tỉnh Thái Nguyên",Di tích lịch sử,https://upload.wikimedia.org/wikipedia/commons/thumb/5/59/ATK_Dinh_Hoa.jpg/250px-ATK_Dinh_Hoa.jpg,"ATK,viết tắt của an toàn khu,là khu vực mà Quân đội nhân dân Việt Nam giành được quyền kiểm soát gần như tuyệt đối trong thời gian chiến tranh chống Pháp,Nhật,Mỹ.ATK có 2 cấp:xã An toàn khu và vùng An toàn khu."
Côn Sơn - Kiếp Bạc,"Thành phố Chí Linh,tỉnh Hải Dương","Di tích lịch sử,kiến trúc nghệ thuật",https://upload.wikimedia.org/wikipedia/commons/thumb/a/a2/Den_kiep_bac.jpg/250px-Den_kiep_bac.jpg,"Khu di tích Côn Sơn – Kiếp Bạc là một di tích quốc gia đặc biệt quan trọng của Việt Nam.Quần thể di tích này thuộc địa bàn thành phố Chí Linh,tỉnh Hải Dương.Nơi đây gồm quần thể các di tích lịch sử liên quan đến những chiến công lẫy lừng trong ba lần quân dân nhà Trần đánh thắng quân xâm lược Mông Nguyên thế kỷ XIII và trong cuộc kháng chiến 10 năm của nghĩa quân Lam Sơn chống quân Minh ở thế kỷ XV.Đây là nơi gắn liền với thân thế,sự nghiệp của các vị anh hùng dân tộc như:Nguyễn Trãi,Trần Hưng Đạo cùng nhiều danh nhân văn hoá của dân tộc:Trần Nguyên Đán,Pháp Loa,Huyền Quang… Điểm nhấn của khu di tích này là chùa Côn Sơn và đền Kiếp Bạc."
Cổ Loa,"Huyện Đông Anh,thành phố Hà Nội","Di tích lịch sử,kiến trúc nghệ thuật,khảo cổ",https://upload.wikimedia.org/wikipedia/commons/thumb/2/27/Citadelle_de_C%E1%BB%95_Loa.jpg/250px-Citadelle_de_C%E1%BB%95_Loa.jpg,"Thành Cổ Loa là kinh đô của nhà nước Âu Lạc dưới thời An Dương Vương vào khoảng thế kỷ thứ 3 trước Công nguyên và của nhà nước phong kiến dưới thời Ngô Quyền thế kỷ 10 tại vùng đất xã Cổ Loa,huyện Đông Anh,Hà Nội."
Đền Trần và Chùa Phổ Minh,"Thành phố Nam Định,tỉnh Nam Định ,20,4554335°B 106,1659867°Đ","Di tích lịch sử,kiến trúc nghệ thuật",https://upload.wikimedia.org/wikipedia/commons/thumb/c/c6/DenTran-NamDinh.JPG/180px-DenTran-NamDinh.JPG,"Đền Trần (陳廟 - Trần Miếu) là một quần thể đền thờ tại đường Trần Thừa,phường Lộc Vượng,thành phố Nam Định (sát quốc lộ 10),là nơi thờ các vua Trần cùng các quan lại có công phù tá nhà Trần.Đền Trần được xây dựng từ năm 1695,trên nền Thái miếu cũ của nhà Trần đã bị quân Minh phá hủy vào thế kỷ XV."
Bạch Đằng,"Thị xã Quảng Yên,thành phố Uông Bí,tỉnh Quảng Ninh",Di tích lịch sử,https://upload.wikimedia.org/wikipedia/commons/thumb/4/49/C%E1%BB%8Dc_B%E1%BA%A1ch_%C4%90%E1%BA%B1ng.jpg/180px-C%E1%BB%8Dc_B%E1%BA%A1ch_%C4%90%E1%BA%B1ng.jpg,"Sông Bạch Đằng là ranh giới giữa thành phố Hải Phòng và tỉnh Quảng Ninh ngày nay,gọi theo phiên âm chữ Nôm là Bạch Đằng Giang (白藤江).Từ Bạch (白) có nghĩa là trắng,từ Đằng (藤) có nghĩa là ""bụi cây quấn quýt"",tên Nôm là Dầng hay Rừng.Và ba từ ""Bạch Đằng Giang"",nghĩa là sông có ""rừng sóng bạc đầu"",mà gọi theo dân gian là sông Thần.Ngoài ra sông này còn có tên gọi khác thời Hậu Lê là Vân Cừ (澐渠),nghĩa là ""con sông nhỏ có sóng lớn"" hay ""nước chảy xoáy cuồn cuộn"",về sau là sông Thành Triền và ngày nay là sông Đá Bạc..."
Yên Tử,"Thành phố Uông Bí,thành phố Đông Triều,tỉnh Quảng Ninh","Di tích lịch sử,danh lam thắng cảnh",https://upload.wikimedia.org/wikipedia/commons/thumb/f/fc/Ch%C3%B9a_Hoa_Y%C3%AAn.jpg/250px-Ch%C3%B9a_Hoa_Y%C3%AAn.jpg,"Quần thể di tích và danh thắng Yên Tử – Vĩnh Nghiêm – Côn Sơn,Kiếp Bạc bao gồm 32 địa điểm thuộc 5 khu di tích trên địa bàn 3 tỉnh:Bắc Giang,Hải Dương và Quảng Ninh ở Đông Bắc Việt Nam."
Lam Kinh,"Huyện Thọ Xuân và huyện Ngọc Lặc,tỉnh Thanh Hóa","Di tích lịch sử,kiến trúc nghệ thuật",https://upload.wikimedia.org/wikipedia/commons/thumb/f/f9/Khuditichlamkinh.jpg/180px-Khuditichlamkinh.jpg,"Khu di tích lịch sử Lam Kinh cách thành phố Thanh Hóa 50 km về phía Tây Bắc,nằm trên địa bàn thị trấn Lam Sơn,huyện Thọ Xuân,tỉnh Thanh Hóa.Đây là một di tích lịch sử quốc gia cấp từ năm 1962.Năm 2012,khu di tích này được công nhận là di tích quốc gia đặc biệt."
Khu lưu niệm Nguyễn Du,"Huyện Nghi Xuân,tỉnh Hà Tĩnh",Di tích lịch sử,https://upload.wikimedia.org/wikipedia/commons/thumb/4/4a/Natural_landmark_without_photo.svg/250px-Natural_landmark_without_photo.svg.png,"Di tích là dấu vết của quá khứ còn lưu lại trong lòng đất hoặc trên mặt đất có ý nghĩa về mặt văn hóa và lịch sử"".Ở Việt Nam,một di tích khi đủ các điều kiện sẽ được công nhận theo thứ tự:di tích cấp tỉnh,di tích cấp quốc gia và di tích quốc gia đặc biệt.Di tích quốc gia đặc biệt là những di tích Việt Nam có giá trị đặc biệt tiêu biểu của quốc gia.Di tích quốc gia đặc biệt do Thủ tướng Chính phủ quyết định xếp hạng trên cơ sở lựa chọn các di tích quan trọng đã được Bộ Văn hóa,Thể thao và Du lịch xếp hạng là di tích quốc gia,lần xếp hạng đầu tiên là vào năm 2009."
Chùa Keo,"Huyện Vũ Thư,tỉnh Thái Bình",Di tích kiến trúc nghệ thuật,https://upload.wikimedia.org/wikipedia/commons/thumb/f/fb/Chuakeothaibinh.jpg/250px-Chuakeothaibinh.jpg,Chùa Keo là tên gọi của một số ngôi chùa cổ ở Việt Nam.Một số ngôi chùa Keo cổ được biết đến nhiều nhất là:
Óc Eo – Ba Thê,"Huyện Thoại Sơn,tỉnh An Giang","Di tích kiến trúc nghệ thuật,khảo cổ",https://upload.wikimedia.org/wikipedia/commons/thumb/b/b5/Di_t%C3%ADch_kh%E1%BA%A3o_c%E1%BB%95_Nam_Linh_S%C6%A1n_T%E1%BB%B1.jpg/250px-Di_t%C3%ADch_kh%E1%BA%A3o_c%E1%BB%95_Nam_Linh_S%C6%A1n_T%E1%BB%B1.jpg,"Óc Eo là một di chỉ khảo cổ tại khu vực núi Ba Thê thuộc tỉnh An Giang,Việt Nam.Di chỉ này do nhà khảo cổ học người Pháp Louis Malleret ở trường Viễn Đông Bác Cổ chủ trì khai quật lần đầu tiên vào năm 1944."
Gò Tháp,"Huyện Tháp Mười,tỉnh Đồng Tháp","Di tích kiến trúc nghệ thuật,khảo cổ",https://upload.wikimedia.org/wikipedia/commons/thumb/4/44/%C4%90%E1%BB%81n_th%E1%BB%9D_V%C3%B5_Duy_D%C6%B0%C6%A1ng_v%C3%A0_%C4%90%E1%BB%91c_Binh_Ki%E1%BB%81u.jpg/180px-%C4%90%E1%BB%81n_th%E1%BB%9D_V%C3%B5_Duy_D%C6%B0%C6%A1ng_v%C3%A0_%C4%90%E1%BB%91c_Binh_Ki%E1%BB%81u.jpg,"Khu di tích Gò Tháp là một di tích quốc gia đặc biệt,nằm trên địa bàn hai xã Mỹ Hòa và Tân Kiều,huyện Tháp Mười,tỉnh Đồng Tháp,cách Mỹ An (huyện lỵ) khoảng 11 km về hướng Bắc,cách Thành phố Cao Lãnh về hướng đông bắc 43 km (theo đường bộ và đường thủy)."
Hồ Ba Bể,"Huyện Ba Bể,tỉnh Bắc Kạn 22°25′B 105°37′Đ",Danh lam thắng cảnh,https://upload.wikimedia.org/wikipedia/commons/thumb/a/a7/Ba_Be_Lake_3.jpg/250px-Ba_Be_Lake_3.jpg,"Hồ Ba Bể là một hồ nước ngọt ở Bắc Kạn,Việt Nam.Đây là hồ nước ngọt tự nhiên lớn nhất Việt Nam và là một trong một trăm hồ nước ngọt lớn nhất thế giới[cần dẫn nguồn].Hồ nằm trong Vườn quốc gia Ba Bể,nơi đây được công nhận là khu du lịch quốc gia Việt Nam."
Vườn quốc gia Cát Tiên,"Tỉnh Đồng Nai,tỉnh Bình Phước,tỉnh Lâm Đồng 11°30′B 107°20′Đ",Danh lam thắng cảnh,https://upload.wikimedia.org/wikipedia/commons/thumb/1/18/Cat_Tien_National_Park%2C_Vietnam.jpg/250px-Cat_Tien_National_Park%2C_Vietnam.jpg,"Vườn quốc gia Cát Tiên là một khu bảo tồn thiên nhiên nằm trên địa bàn 3 huyện:Vĩnh Cửu ,Bình Phước cách Thành phố Hồ Chí Minh 150 km về phía bắc.Đặc trưng của vườn quốc gia này là rừng đất thấp ẩm ướt nhiệt đới.Được thành lập theo quyết định số 01/CT ngày 13 tháng 1 năm 1992 của Thủ tướng chính phủ Việt Nam trên cơ sở kết nối khu rừng cấm Nam Cát Tiên (được thành lập theo quyết định số 360/TTg,ngày 7 tháng 7 năm 1978 của Thủ tướng chính phủ) và khu bảo tồn thiên nhiên Tây Cát Tiên (được thành lập theo quyết định số 194/CT,ngày 9 tháng 8 năm 1986 của Chủ tịch Hội đồng Bộ trưởng).Vườn quốc gia Cát Tiên nằm ở khu vực có toạ độ từ 11°20′50"" tới 11°50′20"" vĩ bắc,và từ 107°09′05"" tới 107°35′20"" kinh đông,trên địa bàn của ba tỉnh Lâm Đồng,Đồng Nai và Bình Phước với tổng diện tích là 71.920 ha.Hiện nay,VQG Cát Tiên là một trong những khu dự trữ sinh quyển thế giới ở Việt Nam."
Đường Trường Sơn - Đường Hồ Chí Minh,"Tỉnh Nghệ An,tỉnh Hà Tĩnh,tỉnh Quảng Bình,tỉnh Quảng Trị,tỉnh Thừa Thiên Huế,tỉnh Quảng Nam,tỉnh Kon Tum,tỉnh Gia Lai,tỉnh Đắk Lắk,tỉnh Đắk Nông,tỉnh Bình Phước",Di tích lịch sử,https://upload.wikimedia.org/wikipedia/vi/thumb/1/1e/HCMT3.jpg/180px-HCMT3.jpg,"Đường Trường Sơn hay đường mòn Hồ Chí Minh (tiếng Anh:Ho Chi Minh trail) là một tuyến Hậu cần chiến lược bao gồm mạng lưới giao thông quân sự,chạy từ lãnh thổ miền Bắc Việt Nam vào tới lãnh thổ miền Nam Việt Nam,phía đông Trường Sơn đi qua miền Trung Việt Nam và phía tây Trường Sơn,có đoạn đi qua hạ Lào,Campuchia.Đây là tuyến hậu cần chiến lược trọng yếu cung cấp binh lực và vật chất hậu cần,vũ khí trang bị để chi viện cho Quân Giải phóng miền Nam trên chiến trường miền Nam Việt Nam,liên tục trong suốt 16 năm (1959–1975) của thời kỳ Chiến tranh Việt Nam."
Đền Hai Bà Trưng,"Huyện Mê Linh,thành phố Hà Nội",Di tích lịch sử,https://upload.wikimedia.org/wikipedia/commons/thumb/a/aa/%C4%90%E1%BB%81n_Hai_B%C3%A0_Tr%C6%B0ng.jpg/180px-%C4%90%E1%BB%81n_Hai_B%C3%A0_Tr%C6%B0ng.jpg,"Đền Hai Bà Trưng còn gọi là đền Hạ Lôi ở thôn Hạ Lôi xã Mê Linh,huyện Mê Linh,thành phố Hà Nội.Đền thờ hai vị liệt nữ - anh hùng dân tộc là Trưng Trắc và Trưng Nhị."
Đền Hát Môn,"Huyện Phúc Thọ,thành phố Hà Nội",Di tích lịch sử,,"Đền Hát Môn,còn gọi là đền Hai Bà Trưng,tọa lạc ở xã Hát Môn,huyện Phúc Thọ,thành phố Hà Nội.Di tích Đền Hát Môn (huyện Phúc Thọ,thành phố Hà Nội) đã được Thủ tướng Chính phủ quyết định xếp hạng di tích quốc gia đặc biệt (tại Quyết định số 2383/QĐ-TTg ngày 09/12/2013)."
Khu di tích nhà Trần tại Đông Triều,"Thành phố Đông Triều,tỉnh Quảng Ninh",Di tích lịch sử,https://upload.wikimedia.org/wikipedia/commons/thumb/5/5e/DenAnSinh.jpg/180px-DenAnSinh.jpg,"Khu di tích nhà Trần tại Đông Triều,tỉnh Quảng Ninh được Thủ tướng Chính phủ xếp hạng di tích lịch sử Quốc gia đặc biệt (Quyết định số 2383/QĐ-TTg ngày 09/12/2013).Hiện nay,Khu di tích này được Thủ tướng Chính phủ phê duyệt Quy hoạch tổng thể bảo tồn và phát huy giá trị trong Quyết định số 307/QĐ-TTg,ngày 07/02/2013 với phạm vi nghiên cứu 11.095 ha,quy mô quy hoạch tổng thể là 2.206 ha,bao gồm 14 di tích nhà Trần và khu vực bảo vệ,dịch vụ du lịch bao quanh.Đây cũng là một trong những Khu di tích Quốc gia đặc biệt của Việt Nam."
Rừng Trần Hưng Đạo,"Huyện Nguyên Bình,tỉnh Cao Bằng",Di tích lịch sử,https://upload.wikimedia.org/wikipedia/commons/thumb/4/4a/Natural_landmark_without_photo.svg/250px-Natural_landmark_without_photo.svg.png,"Rừng Trần Hưng Đạo là khu rừng nằm dưới chân núi Slam Cao thuộc hai xã Tam Kim,Hoa Thám,huyện Nguyên Bình tỉnh Cao Bằng,nằm ở phía Tây Nam và cách thành phố Cao Bằng khoảng 50 km.Khu rừng hiện được công nhận là Di tích quốc gia đặc biệt này là nơi từng diễn ra sự kiện thành lập Đội Việt Nam Tuyên truyền Giải phóng quân,tiền thân của Quân đội Nhân dân Việt Nam vào ngày 22 tháng 12 năm 1944."
Đôi bờ Hiền Lương - Bến Hải,"Huyện Gio Linh và huyện Vĩnh Linh,tỉnh Quảng Trị",Di tích lịch sử,https://upload.wikimedia.org/wikipedia/commons/thumb/a/a2/C%E1%BB%99t_c%E1%BB%9D_gi%E1%BB%9Bi_tuy%E1%BA%BFn1.JPG/250px-C%E1%BB%99t_c%E1%BB%9D_gi%E1%BB%9Bi_tuy%E1%BA%BFn1.JPG,"Cầu Hiền Lương bắc qua sông Bến Hải,tại thôn Hiền Lương,xã Hiền Thành,huyện Vĩnh Linh,tỉnh Quảng Trị,Việt Nam.Cũng tại nơi đây,đã từng diễn ra những cuộc ""chọi loa"",""chọi cờ"" quyết liệt trong Chiến tranh Việt Nam.Thời kỳ đó,cầu Hiền Lương là cây cầu bắc qua sông Bến Hải nơi mà chính là vùng biên giới chia cắt Việt Nam thành hai miền dọc theo vĩ tuyến 17:Miền Bắc do nước Việt Nam Dân chủ Cộng hòa quản lý,miền Nam do phía Quốc gia Việt Nam và sau đó là nước Việt Nam Cộng hoà rồi nước Cộng hòa Miền Nam Việt Nam quản lý,trong suốt gần 22 năm,từ năm 1954 đến năm 1976."
Thành cổ Quảng Trị và những địa điểm lưu niệm sự kiện 81 ngày đêm năm 1972,"Thị xã Quảng Trị,huyện Triệu Phong và huyện Hải Lăng,tỉnh Quảng Trị",Di tích lịch sử,https://upload.wikimedia.org/wikipedia/commons/thumb/0/09/Th%C3%A0nh_c%E1%BB%95_Qu%E1%BA%A3ng_Tr%E1%BB%8B_4.jpg/250px-Th%C3%A0nh_c%E1%BB%95_Qu%E1%BA%A3ng_Tr%E1%BB%8B_4.jpg,"Thành cổ Quảng Trị hoặc Cổ thành Quảng Trị là một Di tích quốc gia đặc biệt của Việt Nam được xếp hạng đợt 4,tọa lạc ở trung tâm thị xã Quảng Trị,tỉnh Quảng Trị."
Chiến thắng Chương Thiện,"Thành phố Vị Thanh và huyện Long Mỹ,tỉnh Hậu Giang",Di tích lịch sử,https://upload.wikimedia.org/wikipedia/commons/thumb/4/4a/Natural_landmark_without_photo.svg/250px-Natural_landmark_without_photo.svg.png,"Di tích là dấu vết của quá khứ còn lưu lại trong lòng đất hoặc trên mặt đất có ý nghĩa về mặt văn hóa và lịch sử"".Ở Việt Nam,một di tích khi đủ các điều kiện sẽ được công nhận theo thứ tự:di tích cấp tỉnh,di tích cấp quốc gia và di tích quốc gia đặc biệt.Di tích quốc gia đặc biệt là những di tích Việt Nam có giá trị đặc biệt tiêu biểu của quốc gia.Di tích quốc gia đặc biệt do Thủ tướng Chính phủ quyết định xếp hạng trên cơ sở lựa chọn các di tích quan trọng đã được Bộ Văn hóa,Thể thao và Du lịch xếp hạng là di tích quốc gia,lần xếp hạng đầu tiên là vào năm 2009."
Đền Phù Đổng,"Huyện Gia Lâm,thành phố Hà Nội","Di tích lịch sử,kiến trúc nghệ thuật",https://upload.wikimedia.org/wikipedia/commons/thumb/3/3d/PhuDong_gate.jpg/180px-PhuDong_gate.jpg,"Đền Phù Đổng hay còn gọi là đền Gióng thờ Thánh Gióng - Phù Đổng Thiên Vương,nằm ở xã Phù Đổng,Gia Lâm,ngoại thành Hà Nội."
Hồ Hoàn Kiếm và Đền Ngọc Sơn,"Quận Hoàn Kiếm,thành phố Hà Nội","Di tích lịch sử,danh lam thắng cảnh",https://upload.wikimedia.org/wikipedia/commons/thumb/c/c3/C%E1%BA%A7u_Th%C3%AA_H%C3%BAc_%28H%C3%A0_N%E1%BB%99i%29.jpg/180px-C%E1%BA%A7u_Th%C3%AA_H%C3%BAc_%28H%C3%A0_N%E1%BB%99i%29.jpg,"Hồ Hoàn Kiếm còn được gọi là Hồ Gươm là một hồ nước ngọt tự nhiên nằm ở quận Hoàn Kiếm,trung tâm thành phố Hà Nội.Hồ có diện tích khoảng 12 ha.Trước kia,hồ còn có các tên gọi là hồ Lục Thủy (vì nước có màu xanh quanh năm),hồ Thủy Quân (dùng để duyệt thủy binh),hồ Tả Vọng và Hữu Vọng (trong thời Lê mạt).Tên gọi Hoàn Kiếm xuất hiện vào đầu thế kỷ 15 gắn với truyền thuyết vua Lê Lợi trả lại gươm thần cho Rùa thần.Theo truyền thuyết,trong một lần vua Lê Thái Tổ dạo chơi trên thuyền,bỗng một con rùa vàng nổi lên mặt nước đòi nhà vua trả thanh gươm mà Long Vương cho mượn để đánh đuổi quân Minh xâm lược.Nhà vua liền trả gươm cho rùa thần và rùa lặn xuống nước biến mất.Từ đó hồ được lấy tên là hồ Hoàn Kiếm.Tên hồ còn được lấy để đặt cho một quận trung tâm của Hà Nội (quận Hoàn Kiếm) và là hồ nước duy nhất của quận này cho đến ngày nay."
Đình Tây Đằng,"Huyện Ba Vì,thành phố Hà Nội",Di tích kiến trúc nghệ thuật,https://upload.wikimedia.org/wikipedia/commons/thumb/a/ab/%C4%90%C3%ACnh_T%C3%A2y_%C4%90%E1%BA%B1ng_1.jpg/250px-%C4%90%C3%ACnh_T%C3%A2y_%C4%90%E1%BA%B1ng_1.jpg,"Đình Tây Đằng là một đình làng ở thị trấn Tây Đằng,huyện Ba Vì,thành phố Hà Nội,Việt Nam.Đình gồm ngôi đình,tả và hữu mạc,sân đình,cổng đình,hồ bán nguyệt.Đây cũng là một di tích quốc gia đặc biệt của Việt Nam được xếp hạng đợt 4."
Chùa Bút Tháp,"Thị xã Thuận Thành,tỉnh Bắc Ninh",Di tích kiến trúc nghệ thuật,https://upload.wikimedia.org/wikipedia/commons/thumb/a/ab/Ch%C3%B9a_B%C3%BAt_Th%C3%A1p.jpg/250px-Ch%C3%B9a_B%C3%BAt_Th%C3%A1p.jpg,"Chùa Bút Tháp (Ninh Phúc tự 寧福寺) nằm ở bên đê hữu ngạn sông Đuống,thôn Bút Tháp,xã Đình Tổ,thị xã Thuận Thành,tỉnh Bắc Ninh.Ngoài ra,nhân dân trong vùng còn gọi là chùa Nhạn Tháp,chùa Thấp.Tên cũ của chùa trước đây gồm có:Thiếu Lâm Tự,Hoàng Cung Tự."
Chùa Dâu,"Thị xã Thuận Thành,tỉnh Bắc Ninh",Di tích kiến trúc nghệ thuật,https://upload.wikimedia.org/wikipedia/commons/thumb/b/bd/Dau_pagoda.jpg/180px-Dau_pagoda.jpg,"Chùa Dâu,còn có tên là Diên Ứng (延應寺),Pháp Vân (法雲寺),hay Cổ Châu,là một ngôi chùa nằm ở phường Thanh Khương,thị xã Thuận Thành,tỉnh Bắc Ninh,cách Hà Nội khoảng 30 km.Đây là trung tâm Phật giáo cổ xưa nhất của Việt Nam.Chùa còn được người dân gọi với những tên gọi khác nhau như chùa Cả,Cổ Châu tự,Diên Ứng tự,Thiền Định tự.Đây là ngôi chùa được coi là có lịch sử hình thành sớm nhất Việt Nam mặc dù các dấu tích vật chất không còn,nó đã được xây dựng lại..Chùa là một danh lam bậc nhất của xứ kinh Bắc xưa nay.Đây cũng là một di tích quốc gia đặc biệt của Việt Nam được xếp hạng đợt 4.Chùa Dâu được xem là ngôi chùa cổ nhất Việt Nam."
Quần đảo Cát Bà,"Huyện Cát Hải,thành phố Hải Phòng",Danh lam thắng cảnh,https://upload.wikimedia.org/wikipedia/commons/thumb/4/4f/QD_Catba2.jpg/250px-QD_Catba2.jpg,"Quần đảo Cát Bà cách trung tâm thành phố Hải Phòng 60km theo đường biển,có diện tích khu vực đề cử Di sản thế giới là 31.150ha với 388 hòn đảo.Về mặt hành chính,quần đảo Cát Bà thuộc huyện Cát Hải,thành phố Hải Phòng.Nơi đây đã được UNESCO công nhận là khu dự trữ sinh quyển thế giới (năm 2004),được Chính phủ xếp hạng Danh lam thắng cảnh - Di tích quốc gia đặc biệt (năm 2013) và trở thành Di sản thiên nhiên thế giới Vịnh Hạ Long - Quần đảo Cát Bà (năm 2023)."
Khu lăng mộ và đền thờ các vị vua triều Lý,"Thành phố Từ Sơn,tỉnh Bắc Ninh",Di tích lịch sử,https://upload.wikimedia.org/wikipedia/commons/thumb/3/39/Ngulongmon2.JPG/250px-Ngulongmon2.JPG,"Đền Đô,tên chữ là Cổ Pháp điện,còn được gọi là Đền Lý Bát Đế,là một quần thể kiến trúc tín ngưỡng thờ tám vị vua đầu tiên của nhà Lý.Đền Đô đã được Nhà nước Việt Nam công nhận là di tích lịch sử - văn hóa theo Quyết định số 154 của Bộ Văn hóa - Thông tin (nay là Bộ Văn hóa,Thể thao và Du lịch) ngày 25 tháng 1 năm 1991.Năm 2014,nơi đây cùng với khu lăng mộ các Vua nhà Lý đã được xếp hạng di tích quốc gia đặc biệt."
Khu lăng mộ và đền thờ các vị vua triều Trần,"Huyện Hưng Hà,tỉnh Thái Bình",Di tích lịch sử,https://upload.wikimedia.org/wikipedia/commons/thumb/0/02/%C4%90%E1%BB%81n_Tr%E1%BA%A7n_Th%C3%A1i_B%C3%ACnh.jpg/250px-%C4%90%E1%BB%81n_Tr%E1%BA%A7n_Th%C3%A1i_B%C3%ACnh.jpg,"Đền Trần Thái Bình là một quần thể di tích gồm các đền thờ,lăng mộ thờ các vị vua quan nhà Trần.Đền thờ các vua Trần trên đất phát tích Thái Bình (còn gọi là Thái Đường Lăng) thuộc làng Tam Đường,xã Tiến Đức,huyện Hưng Hà.Hệ thống các di tích lịch sử ở đây gồm Khu lăng mộ và đền thờ các vị vua triều Trần đều đã được chính phủ Việt Nam xếp hạng di tích quốc gia đặc biệt quan trọng."
Khu đền thờ Tây Sơn Tam Kiệt,"Huyện Tây Sơn,tỉnh Bình Định",Di tích lịch sử,https://upload.wikimedia.org/wikipedia/commons/thumb/a/ab/Quang_Trung_museum.JPG/180px-Quang_Trung_museum.JPG,"Nhà Tây Sơn (chữ Nôm:家西山,chữ Hán:西山朝 / Tây Sơn triều) là một triều đại quân chủ trong lịch sử Việt Nam tồn tại từ năm 1778 đến năm 1802,được thành lập trong bối cảnh tranh chấp quyền lực cuối thời Lê Trung hưng (1533–1789).Theo cách gọi của phần lớn sử gia,nhất là các sử gia hiện đại tại Việt Nam thì ""nhà Tây Sơn"" được dùng để gọi triều đại của anh em Nguyễn Nhạc,Nguyễn Lữ và Nguyễn Huệ để phân biệt với nhà Nguyễn của Nguyễn Ánh (vì cùng họ Nguyễn).Ngoài ra,""Tây Sơn"" cũng chỉ các lãnh tụ và quân đội khởi nghĩa xuất thân từ ấp Tây Sơn;cũng được dùng làm tên cuộc chiến của Tây Sơn."
Địa điểm Chiến thắng Rạch Gầm - Xoài Mút,"Huyện Châu Thành,tỉnh Tiền Giang",Di tích lịch sử,https://upload.wikimedia.org/wikipedia/commons/thumb/a/a6/T%C6%B0%E1%BB%A3ng_%C4%91%C3%A0i_R%E1%BA%A1ch_G%E1%BA%A7m-Xo%C3%A0i_M%C3%BAt.JPG/180px-T%C6%B0%E1%BB%A3ng_%C4%91%C3%A0i_R%E1%BA%A1ch_G%E1%BA%A7m-Xo%C3%A0i_M%C3%BAt.JPG,"Khu di tích chiến thắng Rạch Gầm – Xoài Mút tọa lạc tại ấp Đông,xã Kim Sơn,huyện Châu Thành,tỉnh Tiền Giang,Việt Nam;cách thành phố Mỹ Tho hơn 12 km về phía tây."
Nhà tù Sơn La,"Thành phố Sơn La,tỉnh Sơn La",Di tích lịch sử,https://upload.wikimedia.org/wikipedia/commons/thumb/1/1e/Nhatusonla.jpg/250px-Nhatusonla.jpg,"Nằm tại trung tâm thành phố Sơn La,cách Lào 45 km về phía Nam,nhà tù Sơn La đã được người Pháp xây dựng trong thời kỳ Pháp thuộc nhằm mục tiêu giam cầm những người làm cách mạng của Việt Nam.Trải qua 3 lần xây dựng và mở rộng,nhà tù Sơn La có tổng diện tích là:2.170m2.Ngày nay,nơi đây trở thành một trong những điểm tham quan lịch sử rất có ý nghĩa với người dân Việt Nam cũng như du khách quốc tế."
Nhà tù Phú Quốc,"Thành phố Phú Quốc,tỉnh Kiên Giang",Di tích lịch sử,https://upload.wikimedia.org/wikipedia/commons/thumb/4/4f/Phu_Quoc_Prison_DSC_0631.jpg/180px-Phu_Quoc_Prison_DSC_0631.jpg,"Trại giam Tù binh Chiến tranh Phú Quốc,hay Trại giam Tù binh Cộng sản Phú Quốc là một trại giam nằm tại phường An Thới ở phía nam đảo Phú Quốc.Trong Chiến tranh Đông Dương,trại giam này có tên là Nhà lao Cây Dừa.Đây là trại giam tù binh trung tâm toàn Việt Nam Cộng hòa,từng giam giữ hơn 32.000 tù binh (40.000 tù nhân nếu tính cả tù chính trị nhiều thời kỳ)."
Địa đạo Vĩnh Mốc và hệ thống làng hầm Vĩnh Linh,"Huyện Vĩnh Linh,tỉnh Quảng Trị",Di tích lịch sử,https://upload.wikimedia.org/wikipedia/commons/thumb/4/4d/Visitors_in_Vinh_Moc_tunnel.JPG/250px-Visitors_in_Vinh_Moc_tunnel.JPG,"Địa đạo Vịnh Mốc (thôn Vịnh Mốc,xã Kim Thạch,huyện Vĩnh Linh,tỉnh Quảng Trị) là một công trình quân - dân sự trong Chiến tranh Việt Nam của phía Việt Nam Dân chủ Cộng hòa nhằm chống lại các cuộc tấn công của phía Việt Nam Cộng hòa và Hợp chúng quốc Hoa Kỳ.Hệ thống địa đạo tồn tại ở phía Bắc sông Bến Hải,cầu Hiền Lương trong suốt những năm 1965-1972."
Khu di tích Bà Triệu,"Huyện Hậu Lộc,tỉnh Thanh Hóa","Di tích lịch sử,kiến trúc nghệ thuật",https://upload.wikimedia.org/wikipedia/commons/thumb/f/ff/Den-tho-ba-trieu.jpg/250px-Den-tho-ba-trieu.jpg,"Đền Bà Triệu là nơi thờ tự vị nữ anh hùng dân tộc Việt tên là Triệu Thị Trinh,người đã có công đánh đuổi quân xâm lược Đông Ngô (Trung Quốc) vào giữa thế kỷ thứ 3.Đền nằm trên núi Gai,ngay sát Quốc lộ 1,đoạn đi qua thôn Phú Điền,xã Triệu Lộc,huyện Hậu Lộc,tỉnh Thanh Hóa,cách thành phố Thanh Hóa 18 km về phía Bắc và cách Hà Nội 137 km về phía Nam."
"Chùa Thầy và khu núi đá Sài Sơn,Hoàng Xá,Phượng Cách","Huyện Quốc Oai,thành phố Hà Nội","Di tích lịch sử,kiến trúc nghệ thuật",https://upload.wikimedia.org/wikipedia/commons/thumb/c/cf/Ch%C3%B9a_Th%E1%BA%A7y_%289411972929%29.jpg/250px-Ch%C3%B9a_Th%E1%BA%A7y_%289411972929%29.jpg,"Chùa Thầy (chữ nôm:㕑偨) là một nhóm những ngôi chùa ở chân núi Sài Sơn,huyện Quốc Oai,tỉnh Hà Tây cũ,nay là xã Sài Sơn,huyện Quốc Oai,Hà Nội,cách trung tâm Hà Nội khoảng 20 km về phía Tây nam,đi theo đường cao tốc Láng - Hòa Lạc.Sài Sơn có tên Nôm là núi Thầy,nên chùa được gọi là chùa Thầy.Chùa được xây dựng từ thời nhà Lý.Đây từng là nơi tu hành của Thiền sư Từ Đạo Hạnh,lúc này núi Thầy còn gọi là núi Phật Tích."
Chùa Tây Phương,"Huyện Thạch Thất,thành phố Hà Nội",Di tích kiến trúc nghệ thuật,https://upload.wikimedia.org/wikipedia/commons/thumb/d/d8/Ch%C3%B9a_T%C3%A2y_Ph%C6%B0%C6%A1ng.JPG/180px-Ch%C3%B9a_T%C3%A2y_Ph%C6%B0%C6%A1ng.JPG,"Chùa Tây Phương (tên chữ là Sùng Phúc tự 崇福寺) là một ngôi chùa được xây trên đỉnh đồi Câu Lâu ,xã Thạch Xá,huyện Thạch Thất,thành phố Hà Nội."
Chùa Phật Tích,"Huyện Tiên Du,tỉnh Bắc Ninh","Di tích lịch sử,kiến trúc nghệ thuật",https://upload.wikimedia.org/wikipedia/commons/thumb/d/d1/ChuyetChuyet_mummy.jpg/250px-ChuyetChuyet_mummy.jpg,"Chùa Phật Tích (Phật Tích tự 佛跡寺) còn gọi là chùa Vạn Phúc (Vạn Phúc tự 萬福寺) là một ngôi chùa nằm ở sườn phía Nam núi Phật Tích (còn gọi núi Lạn Kha,non Tiên),xã Phật Tích,huyện Tiên Du,tỉnh Bắc Ninh.Trong chùa có tượng đức Phật bằng đá thời nhà Lý lớn nhất Việt Nam.Chùa Phật Tích được xếp hạng Di tích Lịch sử- Văn hóa tại Quyết định số 313/VH-VP,ngày 28 tháng 4 năm 1962 của Bộ Văn hóa và được Thủ tướng chính phủ ký và xếp hạng 62 Di tích quốc gia đặc biệt của Việt Nam"
Đền Sóc,"Huyện Sóc Sơn,thành phố Hà Nội",Di tích kiến trúc nghệ thuật,https://upload.wikimedia.org/wikipedia/commons/thumb/2/28/%C4%90%E1%BB%81n_Gi%C3%B3ng%2C_S%C3%B3c_S%C6%A1n%2C_H%C3%A0_N%E1%BB%99i_-_panoramio_%281%29.jpg/180px-%C4%90%E1%BB%81n_Gi%C3%B3ng%2C_S%C3%B3c_S%C6%A1n%2C_H%C3%A0_N%E1%BB%99i_-_panoramio_%281%29.jpg,Khu di tích lịch sử đền Sóc nằm dưới chân Núi Sóc là nơi gắn với truyền thuyết anh hùng Thánh Gióng bay về trời sau khi đánh thắng giặc Ân.
Khu di tích Phố Hiến,"Thành phố Hưng Yên,tỉnh Hưng Yên","Di tích lịch sử,kiến trúc nghệ thuật",https://upload.wikimedia.org/wikipedia/commons/thumb/0/08/V%C4%83n_mi%E1%BA%BFu_X%C3%ADch_%C4%90%E1%BA%B1ng_02.JPG/250px-V%C4%83n_mi%E1%BA%BFu_X%C3%ADch_%C4%90%E1%BA%B1ng_02.JPG,"Phố Hiến (chữ Nôm:庯憲) là một địa danh lịch sử ở thành phố Hưng Yên.Vào các thế kỷ 17-18,nơi đây là một thương cảng cổ nổi tiếng của Việt Nam.Lúc ấy,phố Hiến là một đô thị trải dài theo bờ tả ngạn sông Hồng.Ngoài kinh đô Thăng Long - Kẻ Chợ là thủ đô phồn vinh nhất nước,Phố Hiến đã là một đô thị nổi bật đứng ở vị trí thứ hai.Dân gian có câu:""Thứ nhất Kinh Kỳ,thứ nhì Phố Hiến"".Văn bia chùa Thiên ứng,dựng năm Vĩnh Tộ thứ 7 (1625,đời vua Lê Thần Tông) đã ghi:""Phố Hiến nổi tiếng trong bốn phương là một tiểu Tràng An"" - tức một Kinh đô thu nhỏ ."
Cát Tiên,"Huyện Cát Tiên,tỉnh Lâm Đồng",Di tích khảo cố,https://upload.wikimedia.org/wikipedia/commons/thumb/4/4a/Natural_landmark_without_photo.svg/250px-Natural_landmark_without_photo.svg.png,"Thánh địa Cát Tiên là tên gọi quần thể di chỉ khảo cổ được phát hiện từ năm 1985,nằm trong một bồn địa rộng hàng trăm hecta và trải trên chiều dài khoảng 15 km dọc theo hệ thống sông Đạ Đường và Đồng Nai,bao gồm rất nhiều gò đồi và bãi bồi ven sông được bao bọc bởi dãy núi cuối cùng của Trường Sơn Nam.Toàn bộ khu di tích này thuộc địa phận kéo dài từ xã Quảng Ngãi đến xã Đức Phổ,trong đó mật độ di chỉ khảo cổ tập trung dày đặc ở khu vực xã Quảng Ngãi thuộc huyện Đạ Huoai của tỉnh Lâm Đồng,khu vực Nam Tây Nguyên."
Đền thờ Nguyễn Bỉnh Khiêm,"Huyện Vĩnh Bảo,thành phố Hải Phòng",Di tích lịch sử,https://upload.wikimedia.org/wikipedia/commons/thumb/e/e6/Nh%C3%A0_d%E1%BA%A1y_h%E1%BB%8Dc.jpg/180px-Nh%C3%A0_d%E1%BA%A1y_h%E1%BB%8Dc.jpg,"Khu di tích Trạng Trình Nguyễn Bỉnh Khiêm là các công trình kiến trúc – văn hóa gắn với cuộc đời và sự nghiệp của Trình quốc công Nguyễn Bỉnh Khiêm ngay tại quê nội của ông là xã Lý Học,huyện Vĩnh Bảo,thành phố Hải Phòng.Khu di tích này là nơi có những địa dấu nổi tiếng đã đi vào sự nghiệp thơ văn của Nguyễn Bỉnh Khiêm như Trung Tân quán và Bạch Vân am (từ đó mà ông có danh xưng Bạch Vân am cư sĩ).Ngày 7 tháng 1 năm 2016 (tức ngày 28 tháng 11 năm Ất Mùi),tại Khu di tích Trình quốc công Nguyễn Bỉnh Khiêm thuộc xã Lý Học,huyện Vĩnh Bảo,UBND Thành phố Hải Phòng đã trọng thể kỷ niệm 430 năm ngày mất của ông và đón nhận bằng xếp hạng Di tích quốc gia đặc biệt do Chính phủ trao tặng.Đây là di tích quốc gia đặc biệt thứ hai của Hải Phòng sau danh lam thắng cảnh quần đảo Cát Bà được xếp hạng vào năm 2013."
Đền Trần Thương,"Huyện Lý Nhân,tỉnh Hà Nam","Di tích lịch sử,kiến trúc nghệ thuật",https://upload.wikimedia.org/wikipedia/commons/thumb/b/b0/%C4%90%E1%BB%81n_Tr%E1%BA%A7n_Th%C6%B0%C6%A1ng.jpg/180px-%C4%90%E1%BB%81n_Tr%E1%BA%A7n_Th%C6%B0%C6%A1ng.jpg,"Đền Trần Thương (hay Đền Trần,Đền thờ Đức Thánh Trần) là một ngôi đền thờ Trần Hưng Đạo được dựng lên ngay trên phần đất khi xưa ông dùng làm kho lương phục vụ cuộc kháng chiến chống quân Nguyên - Mông lần 2 (1285).Trong đền có giếng Ngọc,là nơi táng xương cốt của Trần Hưng Đạo khi ông qua đời.Đền Trần Thương nằm bên bờ sông Hồng,tọa lạc tại thôn Trần Thương,xã Trần Hưng Đạo,huyện Lý Nhân,tỉnh Hà Nam,Việt Nam."
Tháp Bình Sơn,"Huyện Sông Lô,tỉnh Vĩnh Phúc",Di tích kiến trúc nghệ thuật,https://upload.wikimedia.org/wikipedia/commons/thumb/6/69/Binh_Son_tower_2.jpg/250px-Binh_Son_tower_2.jpg,"Tháp Bình Sơn,còn gọi là Tháp chùa Vĩnh Khánh hay Tháp Then,là một ngôi tháp cổ,tương truyền nguyên thủy có 13 tầng tuy hiện nay chỉ còn lại 11 tầng.Tháp được xây dựng từ thời Trần,nằm ở trong khuôn viên chùa Vĩnh Khánh (chùa Then) thuộc thôn Bình Sơn,thị trấn Tam Sơn huyện Sông Lô,tỉnh Vĩnh Phúc."
Tây Thiên - Tam Đảo,"Huyện Tam Đảo,tỉnh Vĩnh Phúc","Di tích lịch sử,danh lam thắng cảnh",https://upload.wikimedia.org/wikipedia/commons/thumb/d/d6/TrucLam.JPG/250px-TrucLam.JPG,"Tam Đảo là một dãy núi đá ở vùng Đồng bằng Bắc Bộ Việt Nam,nằm trên địa bàn thành phố Hà Nội và ba tỉnh Vĩnh Phúc,Thái Nguyên,Tuyên Quang.Đỉnh cao nhất của dãy núi Tam Đảo nằm ở ranh giới của huyện Tam Đảo (Vĩnh Phúc) và huyện Đại Từ (Thái Nguyên),có độ cao tuyệt đối là 1.597 m."
Căn cứ Bộ chỉ huy Quân giải phóng miền Nam Việt Nam,"Huyện Lộc Ninh,tỉnh Bình Phước",Di tích lịch sử,https://upload.wikimedia.org/wikipedia/commons/thumb/4/4a/Natural_landmark_without_photo.svg/250px-Natural_landmark_without_photo.svg.png,"Di tích là dấu vết của quá khứ còn lưu lại trong lòng đất hoặc trên mặt đất có ý nghĩa về mặt văn hóa và lịch sử"".Ở Việt Nam,một di tích khi đủ các điều kiện sẽ được công nhận theo thứ tự:di tích cấp tỉnh,di tích cấp quốc gia và di tích quốc gia đặc biệt.Di tích quốc gia đặc biệt là những di tích Việt Nam có giá trị đặc biệt tiêu biểu của quốc gia.Di tích quốc gia đặc biệt do Thủ tướng Chính phủ quyết định xếp hạng trên cơ sở lựa chọn các di tích quan trọng đã được Bộ Văn hóa,Thể thao và Du lịch xếp hạng là di tích quốc gia,lần xếp hạng đầu tiên là vào năm 2009."
Chùa Vĩnh Nghiêm,"Thành phố Bắc Giang,tỉnh Bắc Giang","Di tích lịch sử,kiến trúc nghệ thuật",https://upload.wikimedia.org/wikipedia/commons/thumb/c/c8/Ch%C3%B9a_V%C4%A9nh_Nghi%C3%AAm_-_Y%C3%AAn_D%C5%A9ng_-_B%E1%BA%AFc_Giang_-_panoramio_%2824%29.jpg/250px-Ch%C3%B9a_V%C4%A9nh_Nghi%C3%AAm_-_Y%C3%AAn_D%C5%A9ng_-_B%E1%BA%AFc_Giang_-_panoramio_%2824%29.jpg,"Chùa Vĩnh Nghiêm,còn được gọi là chùa Đức La,là một ngôi chùa cổ tại làng Đức La,xã Trí Yên,thành phố Bắc Giang,tỉnh Bắc Giang,Việt Nam.Chùa được công nhận là một trung tâm Phật giáo,nơi đào tạo tăng đồ cho cả nước,nơi phát tích Tam Tổ phái Thiền Trúc Lâm của Phật giáo Việt Nam.Năm 2015,chùa được công nhận là Di tích quốc gia đặc biệt."
Địa đạo Củ Chi,"Huyện Củ Chi,Thành phố Hồ Chí Minh",Di tích lịch sử,https://upload.wikimedia.org/wikipedia/commons/thumb/6/68/VietnamCuChiTunnels.jpg/250px-VietnamCuChiTunnels.jpg,"Địa đạo Củ Chi là một hệ thống phòng thủ trong lòng đất ở huyện Củ Chi,cách trung tâm Thành phố Hồ Chí Minh 69 km về hướng Tây-Bắc.Hệ thống này được quân kháng chiến Việt Minh và Mặt trận Dân tộc Giải phóng miền Nam Việt Nam đào trong thời kỳ Chiến tranh Đông Dương và Chiến tranh Việt Nam.Hệ thống địa đạo bao gồm bệnh xá,nhiều phòng ở,nhà bếp,kho chứa,phòng làm việc,hệ thống đường ngầm dưới lòng đất,dài khoảng 250 km và có các hệ thống thông hơi tại vị trí các bụi cây.Địa đạo Củ Chi được xây dựng ở điểm cuối Đường mòn Hồ Chí Minh,trên vùng đất được mệnh danh là ""đất thép"" để ca ngợi ý chí phòng thủ kiên cường của quân dân nơi đây.Trong Chiến dịch Tết Mậu Thân 1968,quân Giải phóng miền Nam đã xuất phát từ hệ thống địa đạo này để tấn công vào trung tâm Sài Gòn."
Tháp Chăm Dương Long,"Huyện Tây Sơn,tỉnh Bình Định",Di tích kiến trúc nghệ thuật,https://upload.wikimedia.org/wikipedia/commons/thumb/2/2c/Th%C3%A1p_D%C6%B0%C6%A1ng_Long.JPG/180px-Th%C3%A1p_D%C6%B0%C6%A1ng_Long.JPG,"Tháp Dương Long là cụm di tích gồm ba tháp Chăm thẳng hàng trên một gò cao thuộc huyện Tây Sơn,tỉnh Bình Định."
Hang Con Moong và các di tích phụ cận,"Huyện Thạch Thành,tỉnh Thanh Hóa",Di tích khảo cổ,https://upload.wikimedia.org/wikipedia/commons/thumb/4/4a/Natural_landmark_without_photo.svg/250px-Natural_landmark_without_photo.svg.png,"Hang Con Moong (theo tiếng địa phương có nghĩa là ""hang con thú"") là một hang đá trong Vườn quốc gia Cúc Phương.Tuy Vườn quốc gia Cúc Phương phần lớn thuộc tỉnh Ninh Bình nhưng hang Con Moong lại thuộc xã Thành Yên,huyện Thạch Thành,tỉnh Thanh Hóa.Ngày 23/11/2016,hang Con Moong và các di tích phụ cận đã được công nhận là Di tích quốc gia đặc biệt."
Mộ cự thạch Hàng Gòn,"Thành phố Long Khánh,tỉnh Đồng Nai",Di tích khảo cổ,https://upload.wikimedia.org/wikipedia/commons/thumb/4/4a/Natural_landmark_without_photo.svg/250px-Natural_landmark_without_photo.svg.png,"Mộ cự thạch Hàng Gòn (còn được gọi là Di chỉ Hàng Gòn 7,Mộ Đông Dương,Mả Ông Đá) là một di tích khảo cổ tại xã Hàng Gòn,thành phố Long Khánh,tỉnh Đồng Nai,Việt Nam.Đây là một ngôi mộ cổ được phát hiện và khai quật từ năm 1927,thuộc loại hình mộ táng Dolmen độc đáo trong hệ thống di chỉ khảo cổ học ở Việt Nam."
Khởi nghĩa Bắc Sơn,"Huyện Bắc Sơn,tỉnh Lạng Sơn",Di tích lịch sử,https://upload.wikimedia.org/wikipedia/commons/thumb/4/4a/Natural_landmark_without_photo.svg/250px-Natural_landmark_without_photo.svg.png,"Khởi nghĩa Bắc Sơn - Trong thời kỳ Chiến tranh thế giới thứ hai,vào tháng 6 năm 1940,nước Pháp bị quân đội Đức Quốc xã xâm lược và chiếm đóng.Nhân cơ hội này,tháng 9 năm đó,đế quốc Nhật Bản xâm lược bán đảo Đông Dương từ tay Pháp.Từ đây,Việt Nam bị hai thế lực cùng thống trị là thực dân Pháp và phát xít Nhật.Khởi nghĩa Bắc Sơn là một cuộc khởi nghĩa của người Việt chống lại thực dân Pháp và phát xít Nhật diễn ra tại Bắc Sơn,Lạng Sơn vào năm 1940.Quân Nhật đánh vào Lạng Sơn ngày 22 tháng 9 năm 1940,quân đội Pháp trên đường thua chạy đã rút lui qua châu Bắc Sơn.Nhân cơ hội đó,Đảng bộ Bắc Sơn thuộc Đảng Cộng sản Đông Dương đã lãnh đạo người dân nổi dậy tước khí giới của tàn quân Pháp để tự vũ trang cho mình,giải tán chính quyền địch,thành lập chính quyền cách mạng (27-9-1940).Nhưng sau đó Nhật thỏa hiệp với Pháp để quay trở lại đàn áp phong trào khởi nghĩa."
Địa điểm diễn ra Đại hội Đại biểu toàn quốc lần thứ II của Đảng,"Huyện Chiêm Hóa,tỉnh Tuyên Quang",Di tích lịch sử,https://upload.wikimedia.org/wikipedia/commons/thumb/4/4a/Natural_landmark_without_photo.svg/250px-Natural_landmark_without_photo.svg.png,"Di tích là dấu vết của quá khứ còn lưu lại trong lòng đất hoặc trên mặt đất có ý nghĩa về mặt văn hóa và lịch sử"".Ở Việt Nam,một di tích khi đủ các điều kiện sẽ được công nhận theo thứ tự:di tích cấp tỉnh,di tích cấp quốc gia và di tích quốc gia đặc biệt.Di tích quốc gia đặc biệt là những di tích Việt Nam có giá trị đặc biệt tiêu biểu của quốc gia.Di tích quốc gia đặc biệt do Thủ tướng Chính phủ quyết định xếp hạng trên cơ sở lựa chọn các di tích quan trọng đã được Bộ Văn hóa,Thể thao và Du lịch xếp hạng là di tích quốc gia,lần xếp hạng đầu tiên là vào năm 2009."
An toàn khu (ATK) Chợ Đồn,"Huyện Chợ Đồn,tỉnh Bắc Kạn",Di tích lịch sử,https://upload.wikimedia.org/wikipedia/commons/thumb/4/4a/Natural_landmark_without_photo.svg/250px-Natural_landmark_without_photo.svg.png,"ATK,viết tắt của an toàn khu,là khu vực mà Quân đội nhân dân Việt Nam giành được quyền kiểm soát gần như tuyệt đối trong thời gian chiến tranh chống Pháp,Nhật,Mỹ.ATK có 2 cấp:xã An toàn khu và vùng An toàn khu."
Chùa Bổ Đà,"Thị xã Việt Yên,tỉnh Bắc Giang","Di tích lịch sử,kiến trúc nghệ thuật",https://upload.wikimedia.org/wikipedia/commons/thumb/d/d7/NNU_Ch%C3%B9ab%E1%BB%95%C4%91%C3%A0.jpg/250px-NNU_Ch%C3%B9ab%E1%BB%95%C4%91%C3%A0.jpg,"Chùa Bổ Đà,còn được gọi là chùa Bổ,chùa Tam Giáo,còn có tên chữ là Tứ Ân tự (四恩寺) là một ngôi chùa toạ lạc trên ngọn núi Phượng Hoàng (Bổ Đà sơn),bờ tả dòng sông Cầu,thuộc địa phận thôn Thượng Lát,xã Tiên Sơn,huyện Việt Yên,tỉnh Bắc Giang (thời phong kiến là xã Tiên Lát,tổng Tiên Lát,huyện Yên Việt,phủ Bắc Hà,trấn Kinh Bắc xưa).Chùa nằm cách trung tâm thị trấn Bích Động khoảng 10 km về phía Tây,Chùa Bổ Đà là một trong những ngôi chùa độc đáo nhất vùng đất Kinh Bắc,là trung tâm Phật giáo lớn của dòng thiền Trúc Lâm Yên Tử.Chùa đã được công nhận là Di tích quốc gia đặc biệt năm 2016 và bộ kinh phật khắc trên gỗ thị lưu giữ trong chùa được đánh giá là cổ nhất của dòng thiền Lâm Tế,..."
Quần thể An Phụ - Kính Chủ - Nhẫm Dương,"Thị xã Kinh Môn,tỉnh Hải Dương","Di tích lịch sử,danh lam thắng cảnh",https://upload.wikimedia.org/wikipedia/commons/thumb/0/08/Tuong_dai_THD.jpg/250px-Tuong_dai_THD.jpg,"Di tích là dấu vết của quá khứ còn lưu lại trong lòng đất hoặc trên mặt đất có ý nghĩa về mặt văn hóa và lịch sử"".Ở Việt Nam,một di tích khi đủ các điều kiện sẽ được công nhận theo thứ tự:di tích cấp tỉnh,di tích cấp quốc gia và di tích quốc gia đặc biệt.Di tích quốc gia đặc biệt là những di tích Việt Nam có giá trị đặc biệt tiêu biểu của quốc gia.Di tích quốc gia đặc biệt do Thủ tướng Chính phủ quyết định xếp hạng trên cơ sở lựa chọn các di tích quan trọng đã được Bộ Văn hóa,Thể thao và Du lịch xếp hạng là di tích quốc gia,lần xếp hạng đầu tiên là vào năm 2009."
Chùa Keo Hành Thiện,"Huyện Xuân Trường,tỉnh Nam Định",Di tích kiến trúc nghệ thuật,https://upload.wikimedia.org/wikipedia/commons/thumb/3/39/GacchuongChuaKeoHT.jpg/180px-GacchuongChuaKeoHT.jpg,"Chùa Keo (tên chữ:Thần Quang tự 神光寺) là một ngôi chùa ở làng Hành Thiện,xã Xuân Hồng,huyện Xuân Trường,tỉnh Nam Định,Việt Nam.Đây là một trong những ngôi chùa cổ ở Việt Nam được bảo tồn hầu như còn nguyên vẹn kiến trúc 400 năm tuổi.[cần dẫn nguồn]"
Khu lưu niệm Phan Bội Châu tại Nam Đàn,"Huyện Nam Đàn,tỉnh Nghệ An",Di tích lịch sử,https://upload.wikimedia.org/wikipedia/commons/thumb/4/4a/Natural_landmark_without_photo.svg/250px-Natural_landmark_without_photo.svg.png,"Di tích là dấu vết của quá khứ còn lưu lại trong lòng đất hoặc trên mặt đất có ý nghĩa về mặt văn hóa và lịch sử"".Ở Việt Nam,một di tích khi đủ các điều kiện sẽ được công nhận theo thứ tự:di tích cấp tỉnh,di tích cấp quốc gia và di tích quốc gia đặc biệt.Di tích quốc gia đặc biệt là những di tích Việt Nam có giá trị đặc biệt tiêu biểu của quốc gia.Di tích quốc gia đặc biệt do Thủ tướng Chính phủ quyết định xếp hạng trên cơ sở lựa chọn các di tích quan trọng đã được Bộ Văn hóa,Thể thao và Du lịch xếp hạng là di tích quốc gia,lần xếp hạng đầu tiên là vào năm 2009."
Phật viện Đồng Dương,"Huyện Thăng Bình,tỉnh Quảng Nam","Di tích khảo cổ,kiến trúc nghệ thuật",https://upload.wikimedia.org/wikipedia/commons/thumb/9/9f/Th%C3%A1p_%C4%90%E1%BB%93ng_D%C6%B0%C6%A1ng_2.jpg/180px-Th%C3%A1p_%C4%90%E1%BB%93ng_D%C6%B0%C6%A1ng_2.jpg,"Tháp Đồng Dương là một di tích quan trọng vào bậc nhất của Chăm Pa,gồm có hệ thống các tháp nằm gần nhau,nằm ở làng Đồng Dương,huyện Thăng Bình,tỉnh Quảng Nam.Tháp được xây dựng vào thời kỳ Chăm Pa còn bị ảnh hưởng của Phật giáo,nên có tính chất đặc biệt so với các tháp khác trong hệ thống tháp Chăm,nó được mệnh danh là tòa tu viện Phật giáo giữa đô thành.Hệ thống tháp Đồng Dương nằm ngay chính trung tâm đô thành Indrapura trong thời kỳ vương triều Indrapura."
Địa điểm Chiến thắng Đăk Tô-Tân Cảnh,"Huyện Đăk Tô,tỉnh Kon Tum",Di tích lịch sử,https://upload.wikimedia.org/wikipedia/commons/thumb/6/61/T%C6%B0%E1%BB%A3ng_%C4%91%C3%A0i_Chi%E1%BA%BFn_th%E1%BA%AFng_%C4%90%C4%83k_T%C3%B4_-_T%C3%A2n_C%E1%BA%A3nh_%2840022454161%29.jpg/250px-T%C6%B0%E1%BB%A3ng_%C4%91%C3%A0i_Chi%E1%BA%BFn_th%E1%BA%AFng_%C4%90%C4%83k_T%C3%B4_-_T%C3%A2n_C%E1%BA%A3nh_%2840022454161%29.jpg,"Di tích là dấu vết của quá khứ còn lưu lại trong lòng đất hoặc trên mặt đất có ý nghĩa về mặt văn hóa và lịch sử"".Ở Việt Nam,một di tích khi đủ các điều kiện sẽ được công nhận theo thứ tự:di tích cấp tỉnh,di tích cấp quốc gia và di tích quốc gia đặc biệt.Di tích quốc gia đặc biệt là những di tích Việt Nam có giá trị đặc biệt tiêu biểu của quốc gia.Di tích quốc gia đặc biệt do Thủ tướng Chính phủ quyết định xếp hạng trên cơ sở lựa chọn các di tích quan trọng đã được Bộ Văn hóa,Thể thao và Du lịch xếp hạng là di tích quốc gia,lần xếp hạng đầu tiên là vào năm 2009."
Tháp Hòa Lai,"Huyện Thuận Bắc,tỉnh Ninh Thuận","Di tích kiến trúc nghệ thuật,khảo cổ",https://upload.wikimedia.org/wikipedia/commons/thumb/4/42/Th%C3%A1p_H%C3%B2a_Lai%2C_Ninh_Thu%E1%BA%ADn.JPG/250px-Th%C3%A1p_H%C3%B2a_Lai%2C_Ninh_Thu%E1%BA%ADn.JPG,"Tháp Hòa Lai là một trong những cụm tháp cổ Chăm Pa,gồm có ba tháp hiện nằm ở thôn Ba Tháp,xã Bắc Phong,huyện Thuận Bắc,tỉnh Ninh Thuận.Được đánh giá là một trong những di tích cổ nhất và đẹp nhất còn tồn tại."
Tháp Pô Klong Garai,"Thành phố Phan Rang – Tháp Chàm,tỉnh Ninh Thuận",Di tích kiến trúc nghệ thuật,https://upload.wikimedia.org/wikipedia/commons/thumb/4/4f/Po_Klong_Garai.jpg/250px-Po_Klong_Garai.jpg,"Tháp Po Klong Garai là tên gọi chung cho một cụm tháp Chăm hùng vĩ và đẹp nhất còn lại ở Việt Nam,phụng thờ vua Po Klong Garai.Tháp Pô Klong Garai là một tổng thể gồm ba tháp:tháp chính (cao 20,5m),tháp lửa (cao 9,31m),tháp cổng (cao 8,56m).Công trình này có trình độ kiến trúc,nghệ thuật,điêu khắc đạt đến đỉnh cao.Di tích kiến trúc nghệ thuật này được Bộ Văn hóa xếp hạng di tích di tích quốc gia năm 1979 và được Thủ tướng Chính phủ xếp hạng di tích quốc gia đặc biệt."
Đồng Khởi Bến Tre,"Huyện Mỏ Cày Nam,tỉnh Bến Tre",Di tích lịch sử,https://upload.wikimedia.org/wikipedia/commons/thumb/1/18/Nha_truyen_thong_Dong_Khoi.JPG/180px-Nha_truyen_thong_Dong_Khoi.JPG,"Di tích là dấu vết của quá khứ còn lưu lại trong lòng đất hoặc trên mặt đất có ý nghĩa về mặt văn hóa và lịch sử"".Ở Việt Nam,một di tích khi đủ các điều kiện sẽ được công nhận theo thứ tự:di tích cấp tỉnh,di tích cấp quốc gia và di tích quốc gia đặc biệt.Di tích quốc gia đặc biệt là những di tích Việt Nam có giá trị đặc biệt tiêu biểu của quốc gia.Di tích quốc gia đặc biệt do Thủ tướng Chính phủ quyết định xếp hạng trên cơ sở lựa chọn các di tích quan trọng đã được Bộ Văn hóa,Thể thao và Du lịch xếp hạng là di tích quốc gia,lần xếp hạng đầu tiên là vào năm 2009."
Mộ và Khu tưởng niệm Nguyễn Đình Chiểu,"Huyện Ba Tri,tỉnh Bến Tre",Di tích lịch sử,https://upload.wikimedia.org/wikipedia/commons/thumb/0/02/M%E1%BB%99_Nguy%E1%BB%85n_%C4%90%C3%ACnh_Chi%E1%BB%83u_v%C3%A0_v%E1%BB%A3.jpg/250px-M%E1%BB%99_Nguy%E1%BB%85n_%C4%90%C3%ACnh_Chi%E1%BB%83u_v%C3%A0_v%E1%BB%A3.jpg,"Lăng Nguyễn Đình Chiểu là nơi an táng và thờ nhà thơ Nguyễn Đình Chiểu,cùng với vợ ông là bà Lê Thị Điền và con gái là nữ sĩ Sương Nguyệt Anh.Khu di tích hiện thuộc ấp 3,xã An Đức,huyện Ba Tri,tỉnh Bến Tre,được Thủ tướng Chính phủ Việt Nam xếp hạng di tích quốc gia đặc biệt vào cuối năm 2016."
Đền Cửa Ông,"Thành phố Cẩm Phả và huyện Vân Đồn,tỉnh Quảng Ninh",Di tích lịch sử,https://upload.wikimedia.org/wikipedia/commons/thumb/4/4c/C%E1%BB%ADa_%C3%94ng_Temple_2017.jpg/250px-C%E1%BB%ADa_%C3%94ng_Temple_2017.jpg,"Đền Cửa Ông nằm tại phường Cửa Ông,thành phố Cẩm Phả,tỉnh Quảng Ninh.Đây là nơi thờ Hưng Nhượng Đại Vương Trần Quốc Tảng cùng nhiều nhân vật nổi tiếng thời nhà Trần,và cũng là nơi diễn ra Lễ hội đền Cửa Ông hằng năm.Cuối năm 2017,đền Cửa Ông được Chính phủ xếp hạng là Di tích quốc gia đặc biệt."
Văn miếu Mao Điền,"Huyện Cẩm Giàng,tỉnh Hải Dương",Di tích lịch sử,https://upload.wikimedia.org/wikipedia/commons/thumb/8/82/V%C4%83n_mi%E1%BA%BFu_Mao_%C4%90i%E1%BB%81n.jpg/180px-V%C4%83n_mi%E1%BA%BFu_Mao_%C4%90i%E1%BB%81n.jpg,"Văn miếu Mao Điền thuộc làng Mậu Tài,xã Mao Điền,nay thuộc xã Cẩm Điền,huyện"
Địa điểm khởi nghĩa Ba Tơ,"Huyện Ba Tơ,tỉnh Quảng Ngãi",Di tích lịch sử,https://upload.wikimedia.org/wikipedia/commons/thumb/4/4a/Natural_landmark_without_photo.svg/250px-Natural_landmark_without_photo.svg.png,"Khởi nghĩa Ba Tơ là cuộc nổi dậy giành chính quyền của quân dân châu Ba Tơ thuộc tỉnh Quảng Ngãi,nổ ra ngày 11 tháng 3 năm 1945,sau 2 ngày Nhật đảo chính Pháp ở Việt Nam."
Địa điểm Chiến thắng Biên giới năm 1950,"Huyện Thạch An,tỉnh Cao Bằng",Di tích lịch sử,https://upload.wikimedia.org/wikipedia/commons/thumb/4/4a/Natural_landmark_without_photo.svg/250px-Natural_landmark_without_photo.svg.png,"Pháp:4.800 chết hoặc bị thương 2.000 mất tích hoặc bị bắt Quốc gia Việt Nam:Hơn 1.000 chết hoặc bị thương,hơn 500 bị bắt"
Chùa Đọi Sơn,"Thị xã Duy Tiên,tỉnh Hà Nam","Di tích lịch sử,kiến trúc nghệ thuật",https://upload.wikimedia.org/wikipedia/commons/thumb/4/4a/Natural_landmark_without_photo.svg/250px-Natural_landmark_without_photo.svg.png,"Chùa Đọi Sơn là một ngôi chùa cổ tại Việt Nam.Chùa nằm trên đỉnh núi Đọi,hiện nay thuộc địa phận xã Tiên Sơn,thị xã Duy Tiên,tỉnh Hà Nam,cách Hà Nội 50 km về phía nam;cách thành phố Phủ Lý 10 km về phía đông bắc."
Đền Xưa - Chùa Giám - Đền Bia,"Huyện Cẩm Giàng,tỉnh Hải Dương","Di tích lịch sử,kiến trúc nghệ thuật",https://upload.wikimedia.org/wikipedia/commons/thumb/4/4a/Natural_landmark_without_photo.svg/250px-Natural_landmark_without_photo.svg.png,"Di tích là dấu vết của quá khứ còn lưu lại trong lòng đất hoặc trên mặt đất có ý nghĩa về mặt văn hóa và lịch sử"".Ở Việt Nam,một di tích khi đủ các điều kiện sẽ được công nhận theo thứ tự:di tích cấp tỉnh,di tích cấp quốc gia và di tích quốc gia đặc biệt.Di tích quốc gia đặc biệt là những di tích Việt Nam có giá trị đặc biệt tiêu biểu của quốc gia.Di tích quốc gia đặc biệt do Thủ tướng Chính phủ quyết định xếp hạng trên cơ sở lựa chọn các di tích quan trọng đã được Bộ Văn hóa,Thể thao và Du lịch xếp hạng là di tích quốc gia,lần xếp hạng đầu tiên là vào năm 2009."
Thành Điện Hải,"Quận Hải Châu,thành phố Đà Nẵng",Di tích lịch sử,https://upload.wikimedia.org/wikipedia/commons/thumb/3/31/Dien_Hai_Citadel_Cannon_2.jpg/250px-Dien_Hai_Citadel_Cannon_2.jpg,"Thành Điện Hải là một di tích quốc gia đặc biệt tọa lạc tại thành phố Đà Nẵng,Việt Nam.Tòa thành được xây dựng lần đầu vào năm Gia Long thứ 12 (năm 1813) với mục đích kiểm soát tàu thuyền và trấn giữ Đà Nẵng.Đến năm Minh Mạng thứ 4 (năm 1823),thành được di dời và xây dựng lại theo kiến trúc kiểu Vauban.Đây là thành lũy có vai trò vô cùng quan trọng góp phần đánh bại cuộc tấn công của thực dân Pháp vào Đà Nẵng những năm 1858–1860."
Quần thể Hương Sơn (Chùa Hương),"Huyện Mỹ Đức,thành phố Hà Nội","Di tích lịch sử,danh lam thắng cảnh",https://upload.wikimedia.org/wikipedia/commons/thumb/2/29/Tam_quan_ch%C3%B9a_H%C6%B0%C6%A1ng.jpg/250px-Tam_quan_ch%C3%B9a_H%C6%B0%C6%A1ng.jpg,"Chùa Hương (cách gọi dân gian) hay Hương Sơn là một quần thể văn hóa - tôn giáo của Việt Nam,gồm hàng chục ngôi chùa thờ Phật,các ngôi đền thờ Thần và các ngôi đình thờ tín ngưỡng nông nghiệp.Trung tâm của cụm đình đền chùa này là chùa Hương (tức chùa Trong) nằm trong động Hương Tích ở hữu ngạn sông Đáy,thuộc xã Hương Sơn,huyện Mỹ Đức,Hà Nội.Quần thể Hương Sơn là một trong 21 Khu du lịch Quốc gia của Việt Nam và là Di tích Quốc gia Đặc biệt theo quyết định 2082/QĐ-TTg năm 2017."
Đình Hoành Sơn,"Huyện Nam Đàn,tỉnh Nghệ An",Di tích kiến trúc nghệ thuật,https://upload.wikimedia.org/wikipedia/commons/thumb/4/4a/Natural_landmark_without_photo.svg/250px-Natural_landmark_without_photo.svg.png,"Trình soạn thảo sẽ tải bây giờ.Nếu một chốc nữa thông điệp này vẫn xuất hiện,xin hãy tải lại trang."
Đình Chèm,"Quận Bắc Từ Liêm,thành phố Hà Nội",Di tích kiến trúc nghệ thuật,https://upload.wikimedia.org/wikipedia/commons/thumb/1/1a/%C4%90%C3%ACnh_Ch%C3%A8m_2_-_NKS.jpg/250px-%C4%90%C3%ACnh_Ch%C3%A8m_2_-_NKS.jpg,"Đình Chèm là ngôi đình của làng Chèm (tên chữ là Thụy Phương),nay thuộc phường Thụy Phương,quận Bắc Từ Liêm,Hà Nội.Đình thờ Thượng đẳng Thiên vương Lý Ông Trọng (Lý Thân hay Đức Thánh Chèm),một nhân vật huyền thoại và Hoàng phi Bạch Tĩnh Cung sống vào thời An Dương Vương.Đình Chèm là một trong những ngôi đình được xem là cổ nhất nước và là một công trình kiến trúc có nghệ thuật chạm khắc độc đáo.Từ ngàn năm nay,đình Chèm vẫn là nơi thờ cúng tín ngưỡng của người dân ba làng:làng Hoàng,làng Mạc - (Liên Mạc) và làng Chèm - Thụy Phương,Từ Liêm,Hà Nội."
Tháp Nhạn,"Thành phố Tuy Hòa,tỉnh Phú Yên",Di tích kiến trúc nghệ thuật,https://upload.wikimedia.org/wikipedia/commons/thumb/1/14/Th%C3%A1p_Nh%E1%BA%A1n%2C_Tuy_H%C3%B2a%2C_Ph%C3%BA_Y%C3%AAn.JPG/180px-Th%C3%A1p_Nh%E1%BA%A1n%2C_Tuy_H%C3%B2a%2C_Ph%C3%BA_Y%C3%AAn.JPG,"Tháp Nhạn trong tiếng Ê-Đê và Jarai gọi là Yang Kơ Hmeng là một tháp Champa nằm trên núi Nhạn,thắng cảnh tiêu biểu của Tuy Hòa,tỉnh lị của Phú Yên."
Chùa Thái Lạc,"Huyện Văn Lâm,tỉnh Hưng Yên",Di tích kiến trúc nghệ thuật,https://upload.wikimedia.org/wikipedia/commons/thumb/4/4a/Natural_landmark_without_photo.svg/250px-Natural_landmark_without_photo.svg.png,"Chùa Thái Lạc ở xã Lạc Hồng,huyện Văn Lâm,tỉnh Hưng Yên.Chùa thuộc hệ thống chùa Tứ Pháp,thờ Phật và Pháp Vân.Chùa nổi tiếng vì có các bức chạm gõ từ đời Trần."
Đền thờ Lê Hoàn,"Huyện Thọ Xuân,tỉnh Thanh Hóa",Di tích kiến trúc nghệ thuật,https://upload.wikimedia.org/wikipedia/commons/thumb/4/4a/Natural_landmark_without_photo.svg/250px-Natural_landmark_without_photo.svg.png,"Đền thờ Lê Hoàn nằm ở làng Trung Lập,xã Xuân Lập,huyện Thọ Xuân,tỉnh Thanh Hóa,Việt Nam.Năm 2018,đền thờ Lê Hoàn được xếp hạng Di tích quốc gia đặc biệt.Trong đền còn lưu giữ nhiều đồ vật quý,đặc biệt có một đĩa bằng đá trắng,đường kính 36 cm trong lòng đĩa ghi chữ:""Giang Nam nhất phiến tuyết;Trác khí vạn niên trân""."
Đình Tường Phiêu,"Huyện Phúc Thọ,thành phố Hà Nội",Di tích kiến trúc nghệ thuật,,"Đình Tường Phiêu (tên gọi khác là Đình Cả) là một ngôi đình có vị trí nằm ở xã Tích Giang,huyện Phúc Thọ,thành phố Hà Nội.Ngôi đình này được Thủ tướng Chính phủ Việt Nam quyết định xếp hạng và công nhận là di tích quốc gia đặc biệt vào năm 2020.Với nhiều giá trị văn hóa,lịch sử và mỹ thuật,đình Tường Phiêu thường được xem là công trình kiến trúc mang tính biểu tượng của xứ Đoài."
Đình Thổ Tang,"Huyện Vĩnh Tường,tỉnh Vĩnh Phúc",Di tích kiến trúc nghệ thuật,https://upload.wikimedia.org/wikipedia/commons/thumb/e/eb/Dinh_tho_tang.jpg/250px-Dinh_tho_tang.jpg,"Đình Thổ Tang là ngôi đình của làng Thổ Tang,nay là thị trấn Thổ Tang,huyện Vĩnh Tường,tỉnh Vĩnh Phúc,Việt Nam."
Đình So,"Huyện Quốc Oai,thành phố Hà Nội",Di tích kiến trúc nghệ thuật,https://upload.wikimedia.org/wikipedia/commons/thumb/9/98/%C4%90%C3%ACnh_So-C%E1%BB%99ng_Ho%C3%A0.jpg/180px-%C4%90%C3%ACnh_So-C%E1%BB%99ng_Ho%C3%A0.jpg,"Đình So là một công trình kiến trúc đã được xếp hạng di tích quốc gia đặc biệt của Việt Nam.Là đình của làng So bao gồm toàn bộ xã Cộng Hòa và xã Tân Hòa (ngoại trừ thôn An Ninh và Thổ Ngoã) huyện Quốc Oai,thành phố Hà Nội,Việt Nam.Đây là một trong những ngôi đình đẹp nhất xứ Đoài,dân gian có câu ""Đẹp đình So - To đình Cấn"".Đình được xây dựng năm 1673 thờ Tam vị Đại Vương là tướng nhà Đinh có công giúp vua Đinh Tiên Hoàng - Đinh Bộ Lĩnh dẹp loạn 12 sứ quân."
Gò Đống Đa,"Quận Đống Đa,thành phố Hà Nội",Di tích lịch sử,https://upload.wikimedia.org/wikipedia/commons/thumb/a/a3/Go_Dong_Da.JPG/250px-Go_Dong_Da.JPG,"Gò Đống Đa là một gò đất và là một di tích nằm bên phố Tây Sơn,phường Quang Trung,quận Đống Đa,thành phố Hà Nội.Tại đây vào năm 1789,quân Tây Sơn đã đại phá và đánh thắng quân Thanh trong Trận Ngọc Hồi - Đống Đa."
Nhà đày Buôn Ma Thuột,"Thành phố Buôn Ma Thuột,tỉnh Đắk Lắk",Di tích lịch sử,https://upload.wikimedia.org/wikipedia/vi/thumb/3/3c/To%C3%A0n_c%E1%BA%A3nh_nh%C3%A0_%C4%90%C3%A0y.jpg/250px-To%C3%A0n_c%E1%BA%A3nh_nh%C3%A0_%C4%90%C3%A0y.jpg,"Nhà Đày Buôn Ma Thuột là một di tích lịch sử tại Đắk Lắk,Việt Nam với kết cấu là một di tích hệ thống nhà tù (nhà đày) cũ từ thời Pháp thuộc,hiện đang do Sở Văn hóa-Thể thao và Du lịch tỉnh Đắk Lắk quản lý.Trước đó,từ 1975 đến 1979 Nhà đày được giao cho Công an Đắk Lắk quản lý.Từ năm 1979,Nhà đày thuộc sự quản lý của Công ty Văn hoá - Thông tin Đắk Lắk.Ngày 10 tháng 7 năm 1980 Nhà đày được Bộ Văn hóa - Thông tin công nhận là di tích cấp quốc gia."
Ngũ Hành Sơn,"Quận Ngũ Hành Sơn,thành phố Đà Nẵng",Danh lam thắng cảnh,https://upload.wikimedia.org/wikipedia/commons/thumb/c/ce/Ngu_hanh_son_toan_canh.jpg/250px-Ngu_hanh_son_toan_canh.jpg,"Ngũ Hành Sơn (chữ Hán:五行山) là một danh thắng gồm 6 ngọn núi đá vôi nhô lên trên một bãi cát ven biển,trên một diện tích khoảng 2 km² nằm cách trung tâm thành phố Đà Nẵng,Việt Nam khoảng 8 km về phía Đông Nam,ngay trên tuyến đường Đà Nẵng - Hội An;nay thuộc phường Hòa Hải,quận Ngũ Hành Sơn,thành phố Đà Nẵng.Ngũ Hành Sơn gồm các ngọn núi:Mộc Sơn,Thủy Sơn (lớn,cao và đẹp nhất),Thổ Sơn,Kim Sơn và Hỏa Sơn (có hai ngọn là Dương Hỏa Sơn và Âm Hỏa Sơn)."
Khu bảo tồn thiên nhiên Na Hang – Lâm Bình,"Huyện Na Hang và huyện Lâm Bình,tỉnh Tuyên Quang",Danh lam thắng cảnh,https://upload.wikimedia.org/wikipedia/commons/thumb/7/7d/Cot_buoc_trau.jpg/250px-Cot_buoc_trau.jpg,"Khu bảo tồn thiên nhiên Na Hang – Lâm Bình là một khu bảo tồn thiên nhiên nằm trên địa bàn hai huyện Na Hang và Lâm Bình thuộc tỉnh Tuyên Quang,Việt Nam."
Chi Lăng,"Huyện Chi Lăng,tỉnh Lạng Sơn",Di tích lịch sử,https://upload.wikimedia.org/wikipedia/commons/thumb/0/07/Chi_L%C4%83ng_1.jpg/180px-Chi_L%C4%83ng_1.jpg,"Chi Lăng (支棱) là một cửa ải nổi tiếng trong lịch sử Việt Nam.Nơi đây vốn là một thung lũng có sông Thương chảy qua,trải dài gần 20 km từ sông Hóa đến xã Mai Sao,thuộc huyện Chi Lăng,tỉnh Lạng Sơn.Phía đông thung lũng là dãy núi đất Thái Họa – Bảo Đài,còn phía tây là dãy núi đá Cai Kinh."
Địa điểm Chiến thắng Xương Giang,"Thành phố Bắc Giang,tỉnh Bắc Giang",Di tích lịch sử,https://upload.wikimedia.org/wikipedia/commons/thumb/4/4a/Natural_landmark_without_photo.svg/250px-Natural_landmark_without_photo.svg.png,"Thành Xương Giang là một thành cổ hiện chỉ còn lại phế tích tại tỉnh Bắc Giang,Việt Nam.Đây là thành được nhà Minh xây dựng vào đầu thế kỷ XV sau khi xâm chiếm Đại Ngu.Thành tồn tại đến năm 1427 thì bị nghĩa quân Lam Sơn hạ trong trận Xương Giang."
Núi Non Nước,"Thành phố Hoa Lư,tỉnh Ninh Bình","Di tích lịch sử,danh lam thắng cảnh",https://upload.wikimedia.org/wikipedia/commons/thumb/e/eb/Huynonnuoc2.jpg/250px-Huynonnuoc2.jpg,"Núi Non Nước (tên cổ là Dục Thúy Sơn),là một danh thắng nằm ở ngã ba sông,nơi sông Vân đổ vào sông Đáy,sát với cầu Ninh Bình trên tuyến đường sắt Bắc Nam.Núi là một tiền đồn nằm ở cửa ngõ phía đông thành phố Hoa Lư.Lối lên đỉnh Non Nước qua 72 bậc gạch đá,chia làm 5 cấp.Đỉnh núi tương đối bằng phẳng,cây cối xanh mát,có lầu đón gió rất thuận tiện nghỉ ngơi,giải trí cho khách tham quan.Núi Non Nước đã được xếp hạng là di tích lịch sử và thắng cảnh cấp quốc gia đặc biệt quan trọng của Việt Nam,cùng với núi Cá Voi,núi Cánh Diều và núi Kỳ Lân được mệnh danh là Tứ đại danh sơn - tức bốn ngọn núi nổi tiếng ở trung tâm thành phố Hoa Lư."
Sầm Sơn,"Thành phố Sầm Sơn,tỉnh Thanh Hóa","Di tích lịch sử,danh lam thắng cảnh",https://upload.wikimedia.org/wikipedia/commons/thumb/5/58/Bi%E1%BB%83n_S%E1%BA%A7m_S%C6%A1n_n%C4%83m_1905..jpg/250px-Bi%E1%BB%83n_S%E1%BA%A7m_S%C6%A1n_n%C4%83m_1905..jpg,"Núi Trường Lệ,còn được gọi là Sầm Sơn,Núi Sầm hay Núi Gầm,là một dãy núi nằm ven biển phía nam thành phố Sầm Sơn,tỉnh Thanh Hóa.Dãy núi này hiện được bao phủ bởi một diện tích rừng đặc dụng,được đánh giá là có cảnh quan thiên nhiên đẹp và là khu vực đa dạng về sinh học.Trên núi có Hòn Trống Mái là một trong những thắng cảnh của tỉnh Thanh Hóa.Bên cạnh đó,nơi đây còn có một số ngôi đền cổ như Đền Độc Cước,Đền Cô Tiên và Đền Tô Hiến Thành."
Ruộng bậc thang Mù Cang Chải,"Huyện Mù Cang Chải,tỉnh Yên Bái",Danh lam thắng cảnh,https://upload.wikimedia.org/wikipedia/commons/thumb/2/2f/S%C3%81NG_S%E1%BB%9AM_%E1%BB%9E_M%C3%99_CANG_CH%E1%BA%A2I_-_panoramio.jpg/250px-S%C3%81NG_S%E1%BB%9AM_%E1%BB%9E_M%C3%99_CANG_CH%E1%BA%A2I_-_panoramio.jpg,"Ruộng bậc thang Mù Cang Chải là những ruộng bậc thang nằm trên các sườn núi,lớp nọ gối tiếp lớp kia với diện tích khoảng 2.200 ha ở huyện Mù Cang Chải,Yên Bái.Năm 2007,330 ha diện tích ruộng bậc thang thuộc 3 xã La Pán Tẩn,Chế Cu Nha,Dế Xu Phình được xếp hạng là di tích quốc gia như là một trong những danh thắng độc đáo bậc nhất tại Việt Nam.Và đến năm 2019,danh thắng ruộng bậc thang Mù Cang Chải đã Thủ tướng Chính phủ xếp hạng là Di tích quốc gia đặc biệt."
Đình Đại Phùng,"Huyện Đan Phượng,thành phố Hà Nội",Di tích kiến trúc nghệ thuật,https://upload.wikimedia.org/wikipedia/commons/thumb/4/4a/Natural_landmark_without_photo.svg/250px-Natural_landmark_without_photo.svg.png,"Đình Đại Phùng là một ngôi đình có vị trí nằm ở xã Đan Phượng,huyện Đan Phượng,thành phố Hà Nội.Ngôi đình này được Thủ tướng Chính phủ Việt Nam quyết định xếp hạng và công nhận là di tích quốc gia đặc biệt vào năm 2020.Đình nổi tiếng được biết đến với nghệ thuật kiến trúc gỗ cổ được coi là kinh điển quý hiếm ở Việt Nam."
Đền - Chùa - Đình Hai Bà Trưng,"Quận Hai Bà Trưng,thành phố Hà Nội",Di tích kiến trúc nghệ thuật,https://upload.wikimedia.org/wikipedia/commons/thumb/6/61/Ch%C3%ADnh_%C4%91i%E1%BB%87n%2C_%C4%91%E1%BB%81n_Hai_B%C3%A0_Tr%C6%B0ng%2C_qu%E1%BA%ADn_Hai_B%C3%A0_Tr%C6%B0ng%2C_H%C3%A0_N%E1%BB%99i.jpg/250px-Ch%C3%ADnh_%C4%91i%E1%BB%87n%2C_%C4%91%E1%BB%81n_Hai_B%C3%A0_Tr%C6%B0ng%2C_qu%E1%BA%ADn_Hai_B%C3%A0_Tr%C6%B0ng%2C_H%C3%A0_N%E1%BB%99i.jpg,"Đền Hai Bà Trưng,còn gọi là Đền Đồng Nhân,là một ngôi đền thờ Hai Bà Trưng tọa lạc tại phường Đồng Nhân,quận Hai Bà Trưng,thành phố Hà Nội.Hiện nay,đền Hai Bà Trưng nằm trên cùng một khuôn viên với hai di tích khác là chùa Viên Minh và đình Đồng Nhân,tạo thành Cụm di tích Đền – Chùa – Đình Hai Bà Trưng được Thủ tướng Chính phủ công nhận là di tích quốc gia đặc biệt vào ngày 31 tháng 12 năm 2019."
Hệ thống di tích lưu niệm Chủ tịch Hồ Chí Minh tại Thừa Thiên Huế,"Thành phố Huế,tỉnh Thừa Thiên Huế",Di tích lịch sử,https://upload.wikimedia.org/wikipedia/commons/thumb/4/4a/Natural_landmark_without_photo.svg/250px-Natural_landmark_without_photo.svg.png,"Trình soạn thảo sẽ tải bây giờ.Nếu một chốc nữa thông điệp này vẫn xuất hiện,xin hãy tải lại trang."
An toàn khu II Hiệp Hòa,"Huyện Hiệp Hòa,tỉnh Bắc Giang",Di tích lịch sử,https://upload.wikimedia.org/wikipedia/commons/thumb/4/4a/Natural_landmark_without_photo.svg/250px-Natural_landmark_without_photo.svg.png,"ATK II (An toàn khu thứ hai) của Trung ương và Xứ ủy Bắc kỳ trong thời kỳ tiền khởi nghĩa là vùng đất gồm huyện Hiệp Hòa (Bắc Giang),huyện Phổ Yên và phần phía nam của huyện Phú Bình (Thái Nguyên).Nơi đây được Chính phủ Việt Nam xếp hạng Di tích quốc gia đặc biệt."
Căn cứ Cái Chanh,"Huyện Hồng Dân,tỉnh Bạc Liêu",Di tích lịch sử,https://upload.wikimedia.org/wikipedia/commons/thumb/4/4a/Natural_landmark_without_photo.svg/250px-Natural_landmark_without_photo.svg.png,"Căn cứ Cái Chanh là một di tích lịch sử quốc gia đặc biệt tại ấp Cây Cui,xã Ninh Thạnh Lợi,huyện Hồng Dân,tỉnh Bạc Liêu,Việt Nam."
Đền An Xá,"Huyện Tiên Lữ,tỉnh Hưng Yên",Di tích kiến trúc nghệ thuật,https://upload.wikimedia.org/wikipedia/commons/thumb/4/4a/Natural_landmark_without_photo.svg/250px-Natural_landmark_without_photo.svg.png,"Đền An Xá,tên chữ là Thụy Ứng quán,còn được gọi là đền Đậu An,là ngôi đền thuộc thôn An Xá,xã An Viên,huyện Tiên Lữ,tỉnh Hưng Yên,Việt Nam.Đền được xây dựng trên một khu đất rộng,cao ráo,là nơi thờ Ngọc Hoàng Thượng Đế,Ngũ Lão Tiên Ông (những vị thần tiên của văn hóa Đạo giáo),cùng các vị Thiên tiên,Địa tiên tương truyền là những vị tiên giúp đỡ dân làng khai khẩn đất hoang,diệt trừ thú dữ,bảo vệ mùa màng."
Đình Hạ Hiệp,"Huyện Phúc Thọ,thành phố Hà Nội",Di tích kiến trúc nghệ thuật,,"Đình Hạ Hiệp là một ngôi đình có vị trí nằm ở xã Liên Hiệp,huyện Phúc Thọ,thành phố Hà Nội.Ngôi đình này được Thủ tướng Chính phủ Việt Nam quyết định xếp hạng và công nhận là di tích quốc gia đặc biệt vào năm 2020.Đình này còn có tên là đình Liên Hiệp hay đình Kẻ Hiệp."
Lăng mộ và Đền thờ Nguyễn Xí,"Huyện Nghi Lộc,tỉnh Nghệ An","Di tích lịch sử,kiến trúc nghệ thuật",https://upload.wikimedia.org/wikipedia/commons/thumb/3/36/%C4%90%E1%BB%81n_th%E1%BB%9D_Nguy%E1%BB%85n_X%C3%AD%2C_Nghi_H%E1%BB%A3p%2C_Nghi_L%E1%BB%99c%2C_Ngh%E1%BB%87_An_3.jpeg/180px-%C4%90%E1%BB%81n_th%E1%BB%9D_Nguy%E1%BB%85n_X%C3%AD%2C_Nghi_H%E1%BB%A3p%2C_Nghi_L%E1%BB%99c%2C_Ngh%E1%BB%87_An_3.jpeg,
Gành Đá Đĩa,"Huyện Tuy An,tỉnh Phú Yên",Danh lam thắng cảnh,https://upload.wikimedia.org/wikipedia/commons/thumb/5/5d/G%C3%A0nh_%C4%90%C3%A1_%C4%90%C4%A9a.jpg/250px-G%C3%A0nh_%C4%90%C3%A1_%C4%90%C4%A9a.jpg,"Gành Đá Đĩa hay Ghềnh Đá Đĩa là một danh thắng thiên nhiên tại xã An Ninh Đông,huyện Tuy An,tỉnh Phú Yên,Việt Nam.Địa điểm này là một đoạn bờ biển có các cột đá bazan hình lăng trụ,trông giống như những chiếc đĩa xếp chồng lên nhau."
Quần thể di tích Tây Sơn Thượng Đạo,"Thị xã An Khê,huyện Đak Pơ,huyện Kbang và huyện Kông Chro,tỉnh Gia Lai",Di tích lịch sử,https://upload.wikimedia.org/wikipedia/commons/thumb/4/4a/Natural_landmark_without_photo.svg/250px-Natural_landmark_without_photo.svg.png,
Khu lưu niệm Chủ tịch Hồ Chí Minh trên đảo Cô Tô,"Huyện Cô Tô,tỉnh Quảng Ninh",Di tích lịch sử,https://upload.wikimedia.org/wikipedia/commons/thumb/4/4a/Natural_landmark_without_photo.svg/250px-Natural_landmark_without_photo.svg.png,
Khu di tích lịch sử cách mạng Việt Nam - Lào,"Huyện Yên Châu,tỉnh Sơn La",Di tích lịch sử,https://upload.wikimedia.org/wikipedia/commons/thumb/4/4a/Natural_landmark_without_photo.svg/250px-Natural_landmark_without_photo.svg.png,
Thăng Long tứ trấn,"Quận Ba Đình,quận Hoàn Kiếm và quận Đống Đa,thành phố Hà Nội","Di tích lịch sử,kiến trúc nghệ thuật",https://upload.wikimedia.org/wikipedia/commons/thumb/4/4a/Natural_landmark_without_photo.svg/250px-Natural_landmark_without_photo.svg.png,"Thăng Long tứ trấn là tên gọi chỉ 4 ngôi đền thiêng thờ 4 vị thần trấn giữ 4 vị trí huyết mạch phía đông,tây,nam,bắc của kinh thành Thăng Long xưa.Bốn ngôi đền bao gồm:"
Rộc Tưng – Gò Đá,"Thị xã An Khê,tỉnh Gia Lai",Di tích khảo cổ,https://upload.wikimedia.org/wikipedia/commons/thumb/4/4a/Natural_landmark_without_photo.svg/250px-Natural_landmark_without_photo.svg.png,
Văn hóa Sa Huỳnh,"Thị xã Đức Phổ,tỉnh Quảng Ngãi",Di tích khảo cổ,https://upload.wikimedia.org/wikipedia/commons/thumb/d/db/%C4%90%E1%BA%A7m_An_Kh%C3%AA.jpg/250px-%C4%90%E1%BA%A7m_An_Kh%C3%AA.jpg,"Khu di chỉ văn hóa Sa Huỳnh là cụm di chỉ khảo cổ tại thị xã Đức Phổ,tỉnh Quảng Ngãi,nơi phát hiện ra nền văn hóa Sa Huỳnh.Cụm di chỉ này gồm các di chỉ Phú Khương,Thạnh Đức và Long Thạnh,nằm trên địa bàn phường Phổ Thạnh và xã Phổ Khánh."
Cụm đình Hương Canh,"Huyện Bình Xuyên,tỉnh Vĩnh Phúc",Di tích kiến trúc nghệ thuật,https://upload.wikimedia.org/wikipedia/commons/thumb/4/4a/Natural_landmark_without_photo.svg/250px-Natural_landmark_without_photo.svg.png,"Hương Canh là thị trấn huyện lỵ của huyện Bình Xuyên,tỉnh Vĩnh Phúc,Việt Nam."
Đền thờ Vua Mai Hắc Đế,"Huyện Nam Đàn,tỉnh Nghệ An",Di tích lịch sử,https://upload.wikimedia.org/wikipedia/commons/thumb/4/4a/Natural_landmark_without_photo.svg/250px-Natural_landmark_without_photo.svg.png,"Mai Hắc Đế (chữ Hán:梅黑帝;670 – 723),tên thật là Mai Thúc Loan (梅叔鸞),là vị vua lãnh đạo cuộc khởi nghĩa chống lại sự chiếm đóng của nhà Đường ở miền Bắc Việt Nam vào đầu thế kỉ thứ 8.Trong lịch sử Việt Nam,ông được xem như một vị anh hùng dân tộc."
Địa điểm Chiến thắng Ấp Bắc,"Thị xã Cai Lậy,tỉnh Tiền Giang",Di tích lịch sử,https://upload.wikimedia.org/wikipedia/commons/thumb/2/28/Ap_Bac_Victory_Tien_Giang.jpg/180px-Ap_Bac_Victory_Tien_Giang.jpg,
Thương cảng Vân Đồn,"Huyện Vân Đồn,tỉnh Quảng Ninh",Di tích lịch sử,https://upload.wikimedia.org/wikipedia/commons/thumb/4/4a/Natural_landmark_without_photo.svg/250px-Natural_landmark_without_photo.svg.png,"Thương cảng Vân Đồn từng là một thương cảng của nước Đại Việt,tồn tại từ giữa thế kỷ 12 đến cuối thế kỷ 18 ở vùng biển nay thuộc tỉnh Quảng Ninh,Việt Nam.Đây là trung tâm giao thương lớn và quan trọng của Việt Nam lúc bấy giờ với nhiều thuyền buôn từ khắp châu Á và châu Âu đến buôn bán,trao đổi hàng hóa."
Đình Trà Cổ,"Thành phố Móng Cái,tỉnh Quảng Ninh",Di tích kiến trúc nghệ thuật,https://upload.wikimedia.org/wikipedia/commons/thumb/7/77/DinhTraCo.jpg/250px-DinhTraCo.jpg,"Đình Trà Cổ nằm ở khu Nam Thọ,phường Trà Cổ,thành phố Móng Cái,tỉnh Quảng Ninh,Việt Nam.Đây được đánh giá là ngôi đình khá đồ sộ ở địa đầu đất nước và hoàn toàn mang dấu ấn nền văn hoá Việt.Ngày 24/10/2023,đình đã được Thủ tướng chính phủ ký quyết định số 1225/QĐ-TTg xếp hạng Di tích Quốc gia Đặc biệt."
Di tích khảo cổ Hang xóm Trại và Mái đá làng Vành,"Huyện Lạc Sơn,tỉnh Hòa Bình",Di tích khảo cổ,https://upload.wikimedia.org/wikipedia/commons/thumb/4/4a/Natural_landmark_without_photo.svg/250px-Natural_landmark_without_photo.svg.png,"Trình soạn thảo sẽ tải bây giờ.Nếu một chốc nữa thông điệp này vẫn xuất hiện,xin hãy tải lại trang."
Di tích khảo cổ Vĩnh Hưng,"Huyện Vĩnh Lợi,tỉnh Bạc Liêu",Di tích khảo cổ,https://upload.wikimedia.org/wikipedia/commons/thumb/1/1b/Vinh_Hung_tower%2C_Vinh_Loi%2C_Bac_Lieu.jpg/250px-Vinh_Hung_tower%2C_Vinh_Loi%2C_Bac_Lieu.jpg,"Tháp Vĩnh Hưng là một di tích tọa lạc tại ấp Trung Hưng 1B,xã Vĩnh Hưng A,huyện Vĩnh Lợi,tỉnh Bạc Liêu.Đây là một trong số các kiến trúc tháp thuộc nền văn hóa Óc Eo còn sót lại tại Nam Bộ Việt Nam."
Di tích lịch sử Các địa điểm khởi nghĩa Trương Định,"Thành phố Gò Công,huyện Gò Công Đông và huyện Tân Phú Đông,tỉnh Tiền Giang.",Di tích lịch sử,https://upload.wikimedia.org/wikipedia/commons/thumb/8/80/%C4%90%E1%BB%81n_v%C3%A0_m%E1%BB%99_Tr%C6%B0%C6%A1ng_%C4%90%E1%BB%8Bnh.JPG/250px-%C4%90%E1%BB%81n_v%C3%A0_m%E1%BB%99_Tr%C6%B0%C6%A1ng_%C4%90%E1%BB%8Bnh.JPG,"Trình soạn thảo sẽ tải bây giờ.Nếu một chốc nữa thông điệp này vẫn xuất hiện,xin hãy tải lại trang."
"Quần thể di tích đình,đền,chùa Tiên Lục","Huyện Lạng Giang,tỉnh Bắc Giang",Di tích kiến trúc nghệ thuật,,
Đình Đình Bảng,"Thành phố Từ Sơn,tỉnh Bắc Ninh",Di tích kiến trúc nghệ thuật,https://upload.wikimedia.org/wikipedia/commons/thumb/5/5b/Gate_Dinh_Bang_communal_house.JPG/220px-Gate_Dinh_Bang_communal_house.JPG,"Đình Đình Bảng,tên Nôm là đình Báng là một ngôi đình nằm ở làng Đình Bảng (xưa là làng Cổ Pháp hay tên Nôm là làng Báng),thành phố Từ Sơn,tỉnh Bắc Ninh.Đình được xây dựng vào đầu thế kỷ 18,thờ các vị thành hoàng gồm Cao Sơn đại vương (thần Núi),Thủy Bá đại vương (thần Nước) và Bách Lệ đại vương (thần Đất) đồng thời thờ sáu vị có công lập lại làng vào thế kỷ 15."
Khu di tích Đa Hòa - Dạ Trạch,"Huyện Khoái Châu,tỉnh Hưng Yên",Di tích lịch sử - kiến trúc nghệ thuật,,"Dạ Trạch là một xã thuộc huyện Khoái Châu,tỉnh Hưng Yên,Việt Nam."
Mộ và Khu lưu niệm Lê Hữu Trác,"Huyện Hương Sơn,tỉnh Hà Tĩnh",Di tích lịch sử,,"Hải Thượng Lãn Ông (chữ Hán:海上懶翁,27 tháng 12 năm 1724 – 18 tháng 3 năm 1791),tên thật là Lê Hữu Trác (黎友晫) là một lang y,được coi là ông tổ của ngành y học cổ truyền Việt Nam."
Đường Hồ Chí Minh trên biển,"Thành phố Hải Phòng,tỉnh Phú Yên,tỉnh Bà Rịa - Vũng Tàu,tỉnh Cà Mau",Di tích lịch sử,,"Về các con đường khác cùng tên ""Đường Hồ Chí Minh"",xem Đường Hồ Chí Minh (định hướng)."
Trận địa pháo 105mm của Đại đội 805,"Thành phố Điện Biên Phủ và huyện Điện Biên,tỉnh Điện Biên",Di tích lịch sử,,
